tracker;day;work_start_date;work_start_hour;work_finish_date;work_finish_hour
Forklift 98 T5;7 August Sunday;07.08.2022;17:28;07.08.2022;23:57
Forklift 98 T5;8 August Monday;08.08.2022;00:03;08.08.2022;23:55
Forklift 98 T5;9 August Tuesday;09.08.2022;00:05;09.08.2022;23:59
Forklift 98 T5;10 August Wednesday;10.08.2022;00:00;10.08.2022;23:59
Forklift 98 T5;11 August Thursday;11.08.2022;00:00;11.08.2022;23:59
Forklift 98 T5;12 August Friday;12.08.2022;00:00;12.08.2022;23:42
Forklift 98 T5;13 August Saturday;13.08.2022;00:23;13.08.2022;23:59
Forklift 98 T5;14 August Sunday;14.08.2022;00:00;14.08.2022;23:59
Forklift 98 T5;15 August Monday;15.08.2022;00:00;15.08.2022;23:59
Forklift 98 T5;16 August Tuesday;16.08.2022;00:00;16.08.2022;23:59
Forklift 98 T5;17 August Wednesday;17.08.2022;00:01;17.08.2022;23:59
Forklift 98 T5;18 August Thursday;18.08.2022;00:00;18.08.2022;23:22
Forklift 98 T5;19 August Friday;19.08.2022;00:04;19.08.2022;07:43
Forklift 98 T5;22 August Monday;22.08.2022;09:09;22.08.2022;14:40
Forklift 98 T5;23 August Tuesday;23.08.2022;09:50;23.08.2022;23:58
Forklift 98 T5;24 August Wednesday;24.08.2022;00:00;24.08.2022;13:32
Forklift 98 T5;25 August Thursday;25.08.2022;15:34;25.08.2022;23:59
Forklift 98 T5;26 August Friday;26.08.2022;00:01;26.08.2022;23:59
Forklift 98 T5;27 August Saturday;27.08.2022;00:02;27.08.2022;23:57
Forklift 98 T5;28 August Sunday;28.08.2022;00:00;28.08.2022;23:59
Forklift 98 T5;29 August Monday;29.08.2022;00:00;29.08.2022;23:59
Forklift 98 T5;30 August Tuesday;30.08.2022;00:00;30.08.2022;23:59
Forklift 98 T5;31 August Wednesday;31.08.2022;00:00;31.08.2022;23:59
Forklift 107 T6;1 August Monday;01.08.2022;00:01;01.08.2022;23:49
Forklift 107 T6;2 August Tuesday;02.08.2022;00:07;02.08.2022;23:59
Forklift 107 T6;3 August Wednesday;03.08.2022;00:04;03.08.2022;23:58
Forklift 107 T6;4 August Thursday;04.08.2022;00:00;04.08.2022;23:59
Forklift 107 T6;5 August Friday;05.08.2022;00:00;05.08.2022;23:59
Forklift 107 T6;6 August Saturday;06.08.2022;00:00;06.08.2022;23:59
Forklift 107 T6;7 August Sunday;07.08.2022;00:00;07.08.2022;23:59
Forklift 107 T6;8 August Monday;08.08.2022;00:00;08.08.2022;23:59
Forklift 107 T6;9 August Tuesday;09.08.2022;00:00;09.08.2022;23:59
Forklift 107 T6;10 August Wednesday;10.08.2022;00:00;10.08.2022;23:59
Forklift 107 T6;11 August Thursday;11.08.2022;00:00;11.08.2022;23:59
Forklift 107 T6;12 August Friday;12.08.2022;00:09;12.08.2022;23:59
Forklift 107 T6;13 August Saturday;13.08.2022;00:00;13.08.2022;23:59
Forklift 107 T6;14 August Sunday;14.08.2022;00:00;14.08.2022;23:59
Forklift 107 T6;15 August Monday;15.08.2022;00:00;15.08.2022;23:59
Forklift 107 T6;16 August Tuesday;16.08.2022;00:00;16.08.2022;23:59
Forklift 107 T6;17 August Wednesday;17.08.2022;00:00;17.08.2022;23:58
Forklift 107 T6;18 August Thursday;18.08.2022;00:00;18.08.2022;23:59
Forklift 107 T6;19 August Friday;19.08.2022;00:01;19.08.2022;23:59
Forklift 107 T6;20 August Saturday;20.08.2022;00:00;20.08.2022;08:22
Forklift 107 T6;22 August Monday;22.08.2022;07:55;22.08.2022;14:26
Forklift 107 T6;24 August Wednesday;24.08.2022;11:01;24.08.2022;15:48
Forklift 107 T6;25 August Thursday;25.08.2022;07:58;25.08.2022;15:32
Forklift 107 T6;26 August Friday;26.08.2022;03:49;26.08.2022;23:59
Forklift 107 T6;27 August Saturday;27.08.2022;00:00;27.08.2022;23:51
Forklift 107 T6;28 August Sunday;28.08.2022;00:14;28.08.2022;16:38
Forklift 107 T6;29 August Monday;29.08.2022;09:41;29.08.2022;23:43
Forklift 107 T6;30 August Tuesday;30.08.2022;00:20;30.08.2022;23:41
Forklift 107 T6;31 August Wednesday;31.08.2022;00:24;31.08.2022;23:58
Forklift 186 T1;1 August Monday;01.08.2022;00:00;01.08.2022;23:59
Forklift 186 T1;2 August Tuesday;02.08.2022;00:00;02.08.2022;23:59
Forklift 186 T1;3 August Wednesday;03.08.2022;00:00;03.08.2022;23:59
Forklift 186 T1;4 August Thursday;04.08.2022;00:00;04.08.2022;23:59
Forklift 186 T1;5 August Friday;05.08.2022;00:00;05.08.2022;23:59
Forklift 186 T1;6 August Saturday;06.08.2022;00:00;06.08.2022;23:42
Forklift 186 T1;7 August Sunday;07.08.2022;00:13;07.08.2022;23:59
Forklift 186 T1;8 August Monday;08.08.2022;00:00;08.08.2022;23:59
Forklift 186 T1;9 August Tuesday;09.08.2022;00:00;09.08.2022;23:57
Forklift 186 T1;10 August Wednesday;10.08.2022;00:00;10.08.2022;23:59
Forklift 186 T1;11 August Thursday;11.08.2022;00:00;11.08.2022;23:59
Forklift 186 T1;12 August Friday;12.08.2022;00:00;12.08.2022;23:44
Forklift 186 T1;13 August Saturday;13.08.2022;00:15;13.08.2022;23:59
Forklift 186 T1;14 August Sunday;14.08.2022;00:01;14.08.2022;23:59
Forklift 186 T1;15 August Monday;15.08.2022;00:00;15.08.2022;23:59
Forklift 186 T1;16 August Tuesday;16.08.2022;00:00;16.08.2022;23:59
Forklift 186 T1;17 August Wednesday;17.08.2022;00:00;17.08.2022;23:59
Forklift 186 T1;18 August Thursday;18.08.2022;00:00;18.08.2022;15:37
Forklift 186 T1;19 August Friday;19.08.2022;07:47;19.08.2022;23:59
Forklift 186 T1;20 August Saturday;20.08.2022;00:00;20.08.2022;12:49
Forklift 186 T1;22 August Monday;22.08.2022;12:31;22.08.2022;13:13
Forklift 186 T1;23 August Tuesday;23.08.2022;07:34;23.08.2022;23:58
Forklift 186 T1;24 August Wednesday;24.08.2022;00:02;24.08.2022;23:58
Forklift 186 T1;25 August Thursday;25.08.2022;00:00;25.08.2022;14:28
Forklift 186 T1;26 August Friday;26.08.2022;07:28;26.08.2022;23:50
Forklift 186 T1;27 August Saturday;27.08.2022;00:13;27.08.2022;23:57
Forklift 186 T1;28 August Sunday;28.08.2022;00:00;28.08.2022;23:59
Forklift 186 T1;29 August Monday;29.08.2022;00:00;29.08.2022;23:59
Forklift 186 T1;30 August Tuesday;30.08.2022;00:00;30.08.2022;23:47
Forklift 186 T1;31 August Wednesday;31.08.2022;00:23;31.08.2022;23:45
Forklift 98 T5;1 September Thursday;01.09.2022;00:00;01.09.2022;23:59
Forklift 98 T5;2 September Friday;02.09.2022;00:00;02.09.2022;23:59
Forklift 98 T5;3 September Saturday;03.09.2022;00:00;03.09.2022;23:59
Forklift 98 T5;4 September Sunday;04.09.2022;00:00;04.09.2022;23:59
Forklift 98 T5;5 September Monday;05.09.2022;00:00;05.09.2022;23:59
Forklift 98 T5;6 September Tuesday;06.09.2022;00:00;06.09.2022;23:59
Forklift 98 T5;7 September Wednesday;07.09.2022;00:00;07.09.2022;23:57
Forklift 98 T5;8 September Thursday;08.09.2022;00:00;08.09.2022;23:59
Forklift 98 T5;9 September Friday;09.09.2022;00:00;09.09.2022;23:59
Forklift 98 T5;10 September Saturday;10.09.2022;00:00;10.09.2022;23:53
Forklift 98 T5;11 September Sunday;11.09.2022;00:00;11.09.2022;23:59
Forklift 98 T5;12 September Monday;12.09.2022;00:00;12.09.2022;23:59
Forklift 98 T5;13 September Tuesday;13.09.2022;00:01;13.09.2022;23:59
Forklift 98 T5;14 September Wednesday;14.09.2022;00:00;14.09.2022;23:59
Forklift 98 T5;15 September Thursday;15.09.2022;00:01;15.09.2022;23:59
Forklift 98 T5;16 September Friday;16.09.2022;00:00;16.09.2022;23:58
Forklift 98 T5;17 September Saturday;17.09.2022;00:00;17.09.2022;23:57
Forklift 98 T5;18 September Sunday;18.09.2022;00:01;18.09.2022;23:59
Forklift 98 T5;19 September Monday;19.09.2022;00:00;19.09.2022;23:59
Forklift 98 T5;20 September Tuesday;20.09.2022;00:01;20.09.2022;23:59
Forklift 98 T5;21 September Wednesday;21.09.2022;00:00;21.09.2022;23:59
Forklift 98 T5;22 September Thursday;22.09.2022;00:00;22.09.2022;23:59
Forklift 98 T5;23 September Friday;23.09.2022;00:00;23.09.2022;23:59
Forklift 98 T5;24 September Saturday;24.09.2022;00:00;24.09.2022;23:59
Forklift 98 T5;25 September Sunday;25.09.2022;00:00;25.09.2022;23:59
Forklift 98 T5;26 September Monday;26.09.2022;00:00;26.09.2022;23:59
Forklift 98 T5;27 September Tuesday;27.09.2022;00:00;27.09.2022;23:59
Forklift 98 T5;28 September Wednesday;28.09.2022;00:00;28.09.2022;23:55
Forklift 98 T5;29 September Thursday;29.09.2022;00:00;29.09.2022;23:59
Forklift 98 T5;30 September Friday;30.09.2022;00:00;30.09.2022;23:59
Forklift 107 T6;1 September Thursday;01.09.2022;00:00;01.09.2022;23:55
Forklift 107 T6;2 September Friday;02.09.2022;00:04;02.09.2022;23:39
Forklift 107 T6;3 September Saturday;03.09.2022;00:27;03.09.2022;23:59
Forklift 107 T6;4 September Sunday;04.09.2022;00:00;04.09.2022;23:59
Forklift 107 T6;5 September Monday;05.09.2022;00:00;05.09.2022;23:59
Forklift 107 T6;6 September Tuesday;06.09.2022;00:00;06.09.2022;23:45
Forklift 107 T6;7 September Wednesday;07.09.2022;00:32;07.09.2022;23:59
Forklift 107 T6;8 September Thursday;08.09.2022;00:00;08.09.2022;23:59
Forklift 107 T6;9 September Friday;09.09.2022;00:01;09.09.2022;23:59
Forklift 107 T6;10 September Saturday;10.09.2022;00:00;10.09.2022;23:59
Forklift 107 T6;11 September Sunday;11.09.2022;00:00;11.09.2022;23:59
Forklift 107 T6;12 September Monday;12.09.2022;00:00;12.09.2022;23:59
Forklift 107 T6;13 September Tuesday;13.09.2022;00:00;13.09.2022;23:59
Forklift 107 T6;14 September Wednesday;14.09.2022;00:00;14.09.2022;23:59
Forklift 107 T6;15 September Thursday;15.09.2022;00:00;15.09.2022;23:59
Forklift 107 T6;16 September Friday;16.09.2022;00:00;16.09.2022;23:59
Forklift 107 T6;17 September Saturday;17.09.2022;00:00;17.09.2022;18:27
Forklift 107 T6;22 September Thursday;22.09.2022;16:07;22.09.2022;23:59
Forklift 107 T6;23 September Friday;23.09.2022;00:00;23.09.2022;23:59
Forklift 107 T6;24 September Saturday;24.09.2022;00:00;24.09.2022;20:25
Forklift 107 T6;25 September Sunday;25.09.2022;04:58;25.09.2022;23:59
Forklift 107 T6;26 September Monday;26.09.2022;00:00;26.09.2022;23:59
Forklift 107 T6;27 September Tuesday;27.09.2022;00:00;27.09.2022;23:59
Forklift 107 T6;28 September Wednesday;28.09.2022;00:00;28.09.2022;23:48
Forklift 107 T6;29 September Thursday;29.09.2022;00:12;29.09.2022;23:59
Forklift 107 T6;30 September Friday;30.09.2022;00:02;30.09.2022;23:53
Forklift 186 T1;1 September Thursday;01.09.2022;00:00;01.09.2022;23:44
Forklift 186 T1;2 September Friday;02.09.2022;00:17;02.09.2022;23:54
Forklift 186 T1;3 September Saturday;03.09.2022;00:18;03.09.2022;23:44
Forklift 186 T1;4 September Sunday;04.09.2022;00:14;04.09.2022;23:56
Forklift 186 T1;5 September Monday;05.09.2022;00:02;05.09.2022;23:41
Forklift 186 T1;6 September Tuesday;06.09.2022;00:20;06.09.2022;23:59
Forklift 186 T1;7 September Wednesday;07.09.2022;00:00;07.09.2022;23:48
Forklift 186 T1;8 September Thursday;08.09.2022;00:14;08.09.2022;23:52
Forklift 186 T1;9 September Friday;09.09.2022;00:12;09.09.2022;23:59
Forklift 186 T1;10 September Saturday;10.09.2022;00:00;10.09.2022;23:57
Forklift 186 T1;11 September Sunday;11.09.2022;00:02;11.09.2022;23:55
Forklift 186 T1;12 September Monday;12.09.2022;00:15;12.09.2022;23:39
Forklift 186 T1;13 September Tuesday;13.09.2022;00:10;13.09.2022;23:56
Forklift 186 T1;14 September Wednesday;14.09.2022;00:01;14.09.2022;23:44
Forklift 186 T1;15 September Thursday;15.09.2022;00:11;15.09.2022;23:57
Forklift 186 T1;16 September Friday;16.09.2022;00:04;16.09.2022;23:43
Forklift 186 T1;17 September Saturday;17.09.2022;00:13;17.09.2022;23:54
Forklift 186 T1;18 September Sunday;18.09.2022;00:18;18.09.2022;23:44
Forklift 186 T1;19 September Monday;19.09.2022;00:23;19.09.2022;23:49
Forklift 186 T1;20 September Tuesday;20.09.2022;00:17;20.09.2022;23:58
Forklift 186 T1;21 September Wednesday;21.09.2022;00:00;21.09.2022;23:58
Forklift 186 T1;22 September Thursday;22.09.2022;00:08;22.09.2022;23:59
Forklift 186 T1;23 September Friday;23.09.2022;00:00;23.09.2022;23:56
Forklift 186 T1;24 September Saturday;24.09.2022;00:12;24.09.2022;23:59
Forklift 186 T1;25 September Sunday;25.09.2022;00:00;25.09.2022;23:54
Forklift 186 T1;26 September Monday;26.09.2022;00:10;26.09.2022;23:59
Forklift 186 T1;27 September Tuesday;27.09.2022;00:00;27.09.2022;23:47
Forklift 186 T1;28 September Wednesday;28.09.2022;00:19;28.09.2022;23:59
Forklift 186 T1;29 September Thursday;29.09.2022;00:02;29.09.2022;23:59
Forklift 186 T1;30 September Friday;30.09.2022;00:00;30.09.2022;23:59
Forklift 98 T5;1 October Saturday;01.10.2022;00:00;01.10.2022;23:59
Forklift 98 T5;2 October Sunday;02.10.2022;00:00;02.10.2022;23:59
Forklift 98 T5;3 October Monday;03.10.2022;00:00;03.10.2022;23:59
Forklift 98 T5;4 October Tuesday;04.10.2022;00:00;04.10.2022;23:59
Forklift 98 T5;5 October Wednesday;05.10.2022;00:00;05.10.2022;23:59
Forklift 98 T5;6 October Thursday;06.10.2022;00:00;06.10.2022;23:59
Forklift 98 T5;7 October Friday;07.10.2022;00:00;07.10.2022;23:59
Forklift 98 T5;8 October Saturday;08.10.2022;00:00;08.10.2022;23:59
Forklift 98 T5;9 October Sunday;09.10.2022;00:00;09.10.2022;23:59
Forklift 98 T5;10 October Monday;10.10.2022;00:00;10.10.2022;23:58
Forklift 98 T5;11 October Tuesday;11.10.2022;00:01;11.10.2022;23:59
Forklift 98 T5;12 October Wednesday;12.10.2022;00:00;12.10.2022;23:59
Forklift 98 T5;13 October Thursday;13.10.2022;00:00;13.10.2022;23:59
Forklift 98 T5;14 October Friday;14.10.2022;00:00;14.10.2022;23:59
Forklift 98 T5;15 October Saturday;15.10.2022;00:00;15.10.2022;23:59
Forklift 98 T5;16 October Sunday;16.10.2022;00:00;16.10.2022;23:59
Forklift 98 T5;17 October Monday;17.10.2022;00:00;17.10.2022;23:59
Forklift 98 T5;18 October Tuesday;18.10.2022;00:00;18.10.2022;23:59
Forklift 98 T5;19 October Wednesday;19.10.2022;00:00;19.10.2022;23:59
Forklift 98 T5;20 October Thursday;20.10.2022;00:00;20.10.2022;23:59
Forklift 98 T5;21 October Friday;21.10.2022;00:00;21.10.2022;23:59
Forklift 98 T5;22 October Saturday;22.10.2022;00:00;22.10.2022;23:59
Forklift 98 T5;23 October Sunday;23.10.2022;00:00;23.10.2022;23:59
Forklift 98 T5;24 October Monday;24.10.2022;00:00;24.10.2022;23:59
Forklift 98 T5;25 October Tuesday;25.10.2022;00:00;25.10.2022;23:57
Forklift 98 T5;26 October Wednesday;26.10.2022;00:03;26.10.2022;23:54
Forklift 98 T5;27 October Thursday;27.10.2022;00:21;27.10.2022;23:59
Forklift 98 T5;28 October Friday;28.10.2022;00:00;28.10.2022;23:57
Forklift 98 T5;29 October Saturday;29.10.2022;00:01;29.10.2022;11:18
Forklift 98 T5;31 October Monday;31.10.2022;13:56;31.10.2022;13:56
Forklift 107 T6;1 October Saturday;01.10.2022;00:11;01.10.2022;23:59
Forklift 107 T6;2 October Sunday;02.10.2022;00:01;02.10.2022;23:59
Forklift 107 T6;3 October Monday;03.10.2022;00:00;03.10.2022;23:48
Forklift 107 T6;4 October Tuesday;04.10.2022;00:54;04.10.2022;23:59
Forklift 107 T6;5 October Wednesday;05.10.2022;00:00;05.10.2022;17:28
Forklift 107 T6;6 October Thursday;06.10.2022;10:57;06.10.2022;22:04
Forklift 107 T6;7 October Friday;07.10.2022;04:06;07.10.2022;21:32
Forklift 107 T6;10 October Monday;10.10.2022;12:34;10.10.2022;13:52
Forklift 107 T6;11 October Tuesday;11.10.2022;07:15;11.10.2022;23:59
Forklift 107 T6;12 October Wednesday;12.10.2022;00:00;12.10.2022;23:59
Forklift 107 T6;13 October Thursday;13.10.2022;00:00;13.10.2022;23:57
Forklift 107 T6;14 October Friday;14.10.2022;00:03;14.10.2022;23:59
Forklift 107 T6;15 October Saturday;15.10.2022;00:00;15.10.2022;23:59
Forklift 107 T6;16 October Sunday;16.10.2022;00:00;16.10.2022;23:59
Forklift 107 T6;17 October Monday;17.10.2022;00:00;17.10.2022;23:59
Forklift 107 T6;18 October Tuesday;18.10.2022;00:00;18.10.2022;23:58
Forklift 107 T6;19 October Wednesday;19.10.2022;00:00;19.10.2022;23:42
Forklift 107 T6;20 October Thursday;20.10.2022;00:26;20.10.2022;23:59
Forklift 107 T6;21 October Friday;21.10.2022;00:00;21.10.2022;23:58
Forklift 107 T6;22 October Saturday;22.10.2022;00:04;22.10.2022;23:59
Forklift 107 T6;23 October Sunday;23.10.2022;00:00;23.10.2022;23:59
Forklift 107 T6;24 October Monday;24.10.2022;00:02;24.10.2022;23:59
Forklift 107 T6;25 October Tuesday;25.10.2022;00:00;25.10.2022;23:59
Forklift 107 T6;26 October Wednesday;26.10.2022;00:00;26.10.2022;23:59
Forklift 107 T6;27 October Thursday;27.10.2022;00:00;27.10.2022;23:59
Forklift 107 T6;28 October Friday;28.10.2022;00:00;28.10.2022;23:59
Forklift 107 T6;29 October Saturday;29.10.2022;00:00;29.10.2022;23:59
Forklift 107 T6;30 October Sunday;30.10.2022;00:00;30.10.2022;23:56
Forklift 107 T6;31 October Monday;31.10.2022;00:02;31.10.2022;23:59
Forklift 185 T3;7 October Friday;07.10.2022;13:47;07.10.2022;23:56
Forklift 185 T3;8 October Saturday;08.10.2022;00:03;08.10.2022;23:47
Forklift 185 T3;9 October Sunday;09.10.2022;00:09;09.10.2022;23:59
Forklift 185 T3;10 October Monday;10.10.2022;00:00;10.10.2022;23:57
Forklift 185 T3;11 October Tuesday;11.10.2022;00:00;11.10.2022;23:54
Forklift 185 T3;12 October Wednesday;12.10.2022;00:23;12.10.2022;23:58
Forklift 185 T3;13 October Thursday;13.10.2022;00:17;13.10.2022;23:47
Forklift 185 T3;14 October Friday;14.10.2022;00:20;14.10.2022;23:54
Forklift 185 T3;15 October Saturday;15.10.2022;00:03;15.10.2022;23:58
Forklift 185 T3;16 October Sunday;16.10.2022;00:00;16.10.2022;23:58
Forklift 185 T3;17 October Monday;17.10.2022;00:00;17.10.2022;23:59
Forklift 185 T3;18 October Tuesday;18.10.2022;00:00;18.10.2022;23:58
Forklift 185 T3;19 October Wednesday;19.10.2022;00:03;19.10.2022;23:56
Forklift 185 T3;20 October Thursday;20.10.2022;00:07;20.10.2022;23:59
Forklift 185 T3;21 October Friday;21.10.2022;00:00;21.10.2022;23:58
Forklift 185 T3;22 October Saturday;22.10.2022;00:03;22.10.2022;23:57
Forklift 185 T3;23 October Sunday;23.10.2022;00:02;23.10.2022;23:56
Forklift 185 T3;24 October Monday;24.10.2022;00:00;24.10.2022;23:43
Forklift 185 T3;25 October Tuesday;25.10.2022;00:10;25.10.2022;23:59
Forklift 185 T3;26 October Wednesday;26.10.2022;00:00;26.10.2022;23:57
Forklift 185 T3;27 October Thursday;27.10.2022;00:00;27.10.2022;23:51
Forklift 185 T3;28 October Friday;28.10.2022;00:08;28.10.2022;23:59
Forklift 185 T3;29 October Saturday;29.10.2022;00:01;29.10.2022;23:56
Forklift 185 T3;30 October Sunday;30.10.2022;00:23;30.10.2022;23:59
Forklift 185 T3;31 October Monday;31.10.2022;00:22;31.10.2022;23:59
Forklift 186 T1;1 October Saturday;01.10.2022;00:00;01.10.2022;23:59
Forklift 186 T1;2 October Sunday;02.10.2022;00:00;02.10.2022;23:59
Forklift 186 T1;3 October Monday;03.10.2022;00:00;03.10.2022;23:59
Forklift 186 T1;4 October Tuesday;04.10.2022;00:00;04.10.2022;23:59
Forklift 186 T1;5 October Wednesday;05.10.2022;00:00;05.10.2022;23:59
Forklift 186 T1;6 October Thursday;06.10.2022;00:00;06.10.2022;23:59
Forklift 186 T1;7 October Friday;07.10.2022;00:00;07.10.2022;23:59
Forklift 186 T1;8 October Saturday;08.10.2022;00:00;08.10.2022;23:59
Forklift 186 T1;9 October Sunday;09.10.2022;00:00;09.10.2022;23:45
Forklift 186 T1;10 October Monday;10.10.2022;00:19;10.10.2022;23:59
Forklift 186 T1;11 October Tuesday;11.10.2022;00:00;11.10.2022;23:59
Forklift 186 T1;12 October Wednesday;12.10.2022;00:00;12.10.2022;23:59
Forklift 186 T1;13 October Thursday;13.10.2022;00:00;13.10.2022;23:59
Forklift 186 T1;14 October Friday;14.10.2022;00:04;14.10.2022;23:59
Forklift 186 T1;15 October Saturday;15.10.2022;00:00;15.10.2022;23:58
Forklift 186 T1;16 October Sunday;16.10.2022;00:00;16.10.2022;23:59
Forklift 186 T1;17 October Monday;17.10.2022;00:00;17.10.2022;23:59
Forklift 186 T1;18 October Tuesday;18.10.2022;00:00;18.10.2022;23:57
Forklift 186 T1;19 October Wednesday;19.10.2022;00:13;19.10.2022;23:52
Forklift 186 T1;20 October Thursday;20.10.2022;00:14;20.10.2022;23:59
Forklift 186 T1;21 October Friday;21.10.2022;00:00;21.10.2022;23:57
Forklift 186 T1;22 October Saturday;22.10.2022;00:15;22.10.2022;23:59
Forklift 186 T1;23 October Sunday;23.10.2022;00:00;23.10.2022;23:59
Forklift 186 T1;24 October Monday;24.10.2022;00:00;24.10.2022;23:29
Forklift 186 T1;25 October Tuesday;25.10.2022;00:10;25.10.2022;23:45
Forklift 186 T1;26 October Wednesday;26.10.2022;00:10;26.10.2022;23:59
Forklift 186 T1;27 October Thursday;27.10.2022;00:00;27.10.2022;23:55
Forklift 186 T1;28 October Friday;28.10.2022;00:01;28.10.2022;23:58
Forklift 186 T1;29 October Saturday;29.10.2022;00:00;29.10.2022;23:47
Forklift 186 T1;30 October Sunday;30.10.2022;00:01;30.10.2022;23:59
Forklift 186 T1;31 October Monday;31.10.2022;00:00;31.10.2022;23:59
Forklift 98 T5;4 November Friday;04.11.2022;00:31;04.11.2022;00:49
Forklift 98 T5;12 November Saturday;12.11.2022;14:22;12.11.2022;23:33
Forklift 98 T5;13 November Sunday;13.11.2022;00:00;13.11.2022;11:00
Forklift 98 T5;14 November Monday;14.11.2022;13:29;14.11.2022;23:59
Forklift 98 T5;15 November Tuesday;15.11.2022;00:00;15.11.2022;23:59
Forklift 98 T5;16 November Wednesday;16.11.2022;00:00;16.11.2022;23:59
Forklift 98 T5;17 November Thursday;17.11.2022;00:00;17.11.2022;23:59
Forklift 98 T5;18 November Friday;18.11.2022;00:00;18.11.2022;23:59
Forklift 98 T5;19 November Saturday;19.11.2022;00:00;19.11.2022;23:59
Forklift 98 T5;20 November Sunday;20.11.2022;00:00;20.11.2022;23:59
Forklift 98 T5;21 November Monday;21.11.2022;00:00;21.11.2022;23:55
Forklift 98 T5;22 November Tuesday;22.11.2022;00:05;22.11.2022;23:56
Forklift 98 T5;23 November Wednesday;23.11.2022;00:03;23.11.2022;23:58
Forklift 98 T5;24 November Thursday;24.11.2022;00:01;24.11.2022;23:59
Forklift 98 T5;25 November Friday;25.11.2022;00:00;25.11.2022;23:59
Forklift 98 T5;26 November Saturday;26.11.2022;00:00;26.11.2022;23:59
Forklift 98 T5;27 November Sunday;27.11.2022;00:00;27.11.2022;23:59
Forklift 98 T5;28 November Monday;28.11.2022;00:00;28.11.2022;23:59
Forklift 98 T5;29 November Tuesday;29.11.2022;00:00;29.11.2022;23:59
Forklift 98 T5;30 November Wednesday;30.11.2022;00:00;30.11.2022;23:59
Forklift 107 T6;1 November Tuesday;01.11.2022;00:05;01.11.2022;23:59
Forklift 107 T6;2 November Wednesday;02.11.2022;00:00;02.11.2022;23:59
Forklift 107 T6;3 November Thursday;03.11.2022;00:00;03.11.2022;23:59
Forklift 107 T6;4 November Friday;04.11.2022;00:00;04.11.2022;23:58
Forklift 107 T6;5 November Saturday;05.11.2022;00:00;05.11.2022;23:59
Forklift 107 T6;6 November Sunday;06.11.2022;00:00;06.11.2022;23:59
Forklift 107 T6;7 November Monday;07.11.2022;00:00;07.11.2022;23:59
Forklift 107 T6;8 November Tuesday;08.11.2022;00:00;08.11.2022;23:59
Forklift 107 T6;9 November Wednesday;09.11.2022;00:00;09.11.2022;23:59
Forklift 107 T6;10 November Thursday;10.11.2022;00:00;10.11.2022;23:59
Forklift 107 T6;11 November Friday;11.11.2022;00:01;11.11.2022;23:59
Forklift 107 T6;12 November Saturday;12.11.2022;00:00;12.11.2022;23:59
Forklift 107 T6;13 November Sunday;13.11.2022;00:00;13.11.2022;23:59
Forklift 107 T6;14 November Monday;14.11.2022;00:01;14.11.2022;19:01
Forklift 107 T6;15 November Tuesday;15.11.2022;08:30;15.11.2022;23:55
Forklift 107 T6;16 November Wednesday;16.11.2022;00:01;16.11.2022;23:59
Forklift 107 T6;17 November Thursday;17.11.2022;00:00;17.11.2022;23:59
Forklift 107 T6;18 November Friday;18.11.2022;00:00;18.11.2022;23:59
Forklift 107 T6;19 November Saturday;19.11.2022;00:10;19.11.2022;23:53
Forklift 107 T6;20 November Sunday;20.11.2022;00:09;20.11.2022;23:51
Forklift 107 T6;21 November Monday;21.11.2022;00:21;21.11.2022;23:57
Forklift 107 T6;22 November Tuesday;22.11.2022;00:01;22.11.2022;23:59
Forklift 107 T6;23 November Wednesday;23.11.2022;00:00;23.11.2022;23:59
Forklift 107 T6;24 November Thursday;24.11.2022;00:00;24.11.2022;23:59
Forklift 107 T6;25 November Friday;25.11.2022;00:00;25.11.2022;23:59
Forklift 107 T6;26 November Saturday;26.11.2022;00:00;26.11.2022;23:59
Forklift 107 T6;27 November Sunday;27.11.2022;00:00;27.11.2022;23:59
Forklift 107 T6;28 November Monday;28.11.2022;00:00;28.11.2022;23:58
Forklift 107 T6;29 November Tuesday;29.11.2022;00:03;29.11.2022;23:56
Forklift 107 T6;30 November Wednesday;30.11.2022;00:01;30.11.2022;23:59
Forklift 185 T3;1 November Tuesday;01.11.2022;00:00;01.11.2022;23:57
Forklift 185 T3;2 November Wednesday;02.11.2022;00:08;02.11.2022;23:58
Forklift 185 T3;3 November Thursday;03.11.2022;00:00;03.11.2022;23:59
Forklift 185 T3;4 November Friday;04.11.2022;00:00;04.11.2022;23:56
Forklift 185 T3;5 November Saturday;05.11.2022;00:02;05.11.2022;23:53
Forklift 185 T3;6 November Sunday;06.11.2022;00:17;06.11.2022;23:56
Forklift 185 T3;7 November Monday;07.11.2022;00:01;07.11.2022;23:59
Forklift 185 T3;8 November Tuesday;08.11.2022;00:00;08.11.2022;23:56
Forklift 185 T3;9 November Wednesday;09.11.2022;00:23;09.11.2022;23:59
Forklift 185 T3;10 November Thursday;10.11.2022;00:01;10.11.2022;23:59
Forklift 185 T3;11 November Friday;11.11.2022;00:00;11.11.2022;23:58
Forklift 185 T3;12 November Saturday;12.11.2022;00:00;12.11.2022;23:59
Forklift 185 T3;13 November Sunday;13.11.2022;00:00;13.11.2022;23:59
Forklift 185 T3;14 November Monday;14.11.2022;00:00;14.11.2022;23:59
Forklift 185 T3;15 November Tuesday;15.11.2022;00:02;15.11.2022;23:59
Forklift 185 T3;16 November Wednesday;16.11.2022;00:00;16.11.2022;23:57
Forklift 185 T3;17 November Thursday;17.11.2022;00:16;17.11.2022;23:59
Forklift 185 T3;18 November Friday;18.11.2022;00:09;18.11.2022;23:58
Forklift 185 T3;19 November Saturday;19.11.2022;00:00;19.11.2022;23:59
Forklift 185 T3;20 November Sunday;20.11.2022;00:09;20.11.2022;23:57
Forklift 185 T3;21 November Monday;21.11.2022;00:01;21.11.2022;23:44
Forklift 185 T3;22 November Tuesday;22.11.2022;00:04;22.11.2022;23:59
Forklift 185 T3;23 November Wednesday;23.11.2022;00:00;23.11.2022;23:59
Forklift 185 T3;24 November Thursday;24.11.2022;00:00;24.11.2022;23:59
Forklift 185 T3;25 November Friday;25.11.2022;00:03;25.11.2022;23:59
Forklift 185 T3;26 November Saturday;26.11.2022;00:00;26.11.2022;23:50
Forklift 185 T3;27 November Sunday;27.11.2022;00:13;27.11.2022;23:51
Forklift 185 T3;28 November Monday;28.11.2022;00:02;28.11.2022;23:58
Forklift 185 T3;29 November Tuesday;29.11.2022;00:08;29.11.2022;23:59
Forklift 185 T3;30 November Wednesday;30.11.2022;00:01;30.11.2022;23:59
Forklift 186 T1;1 November Tuesday;01.11.2022;00:01;01.11.2022;23:59
Forklift 186 T1;2 November Wednesday;02.11.2022;00:00;02.11.2022;23:59
Forklift 186 T1;3 November Thursday;03.11.2022;00:00;03.11.2022;23:58
Forklift 186 T1;4 November Friday;04.11.2022;00:01;04.11.2022;23:59
Forklift 186 T1;5 November Saturday;05.11.2022;00:00;05.11.2022;23:59
Forklift 186 T1;6 November Sunday;06.11.2022;00:00;06.11.2022;23:59
Forklift 186 T1;7 November Monday;07.11.2022;00:00;07.11.2022;23:59
Forklift 186 T1;8 November Tuesday;08.11.2022;00:00;08.11.2022;23:58
Forklift 186 T1;9 November Wednesday;09.11.2022;00:17;09.11.2022;23:59
Forklift 186 T1;10 November Thursday;10.11.2022;00:00;10.11.2022;23:59
Forklift 186 T1;11 November Friday;11.11.2022;00:00;11.11.2022;23:59
Forklift 186 T1;12 November Saturday;12.11.2022;00:00;12.11.2022;23:57
Forklift 186 T1;13 November Sunday;13.11.2022;00:00;13.11.2022;23:59
Forklift 186 T1;14 November Monday;14.11.2022;00:00;14.11.2022;23:59
Forklift 186 T1;15 November Tuesday;15.11.2022;00:00;15.11.2022;23:59
Forklift 186 T1;16 November Wednesday;16.11.2022;00:00;16.11.2022;23:59
Forklift 186 T1;17 November Thursday;17.11.2022;00:00;17.11.2022;23:59
Forklift 186 T1;18 November Friday;18.11.2022;00:00;18.11.2022;23:59
Forklift 186 T1;19 November Saturday;19.11.2022;00:00;19.11.2022;23:59
Forklift 186 T1;20 November Sunday;20.11.2022;00:01;20.11.2022;23:59
Forklift 186 T1;21 November Monday;21.11.2022;00:00;21.11.2022;23:59
Forklift 186 T1;22 November Tuesday;22.11.2022;00:00;22.11.2022;23:59
Forklift 186 T1;23 November Wednesday;23.11.2022;00:00;23.11.2022;23:59
Forklift 186 T1;24 November Thursday;24.11.2022;00:00;24.11.2022;23:59
Forklift 186 T1;25 November Friday;25.11.2022;00:00;25.11.2022;23:59
Forklift 186 T1;26 November Saturday;26.11.2022;00:00;26.11.2022;23:59
Forklift 186 T1;27 November Sunday;27.11.2022;00:00;27.11.2022;23:59
Forklift 186 T1;28 November Monday;28.11.2022;00:00;28.11.2022;23:59
Forklift 186 T1;29 November Tuesday;29.11.2022;00:00;29.11.2022;23:59
Forklift 186 T1;30 November Wednesday;30.11.2022;00:00;30.11.2022;23:55
Forklift 28 T2;16 December Friday;16.12.2022;11:11;16.12.2022;23:59
Forklift 28 T2;17 December Saturday;17.12.2022;00:00;17.12.2022;23:59
Forklift 28 T2;18 December Sunday;18.12.2022;00:04;18.12.2022;23:59
Forklift 28 T2;19 December Monday;19.12.2022;00:00;19.12.2022;11:08
Forklift 28 T2;22 December Thursday;22.12.2022;16:32;22.12.2022;23:59
Forklift 28 T2;23 December Friday;23.12.2022;00:00;23.12.2022;23:59
Forklift 28 T2;24 December Saturday;24.12.2022;00:00;24.12.2022;23:59
Forklift 28 T2;25 December Sunday;25.12.2022;00:00;25.12.2022;23:59
Forklift 28 T2;26 December Monday;26.12.2022;00:00;26.12.2022;23:58
Forklift 28 T2;27 December Tuesday;27.12.2022;00:00;27.12.2022;23:59
Forklift 28 T2;28 December Wednesday;28.12.2022;00:05;28.12.2022;23:59
Forklift 28 T2;29 December Thursday;29.12.2022;00:02;29.12.2022;23:41
Forklift 28 T2;30 December Friday;30.12.2022;00:07;30.12.2022;23:03
Forklift 28 T2;31 December Saturday;31.12.2022;03:54;31.12.2022;22:49
Forklift 98 T5;1 December Thursday;01.12.2022;00:00;01.12.2022;23:59
Forklift 98 T5;2 December Friday;02.12.2022;00:00;02.12.2022;23:59
Forklift 98 T5;3 December Saturday;03.12.2022;00:00;03.12.2022;23:59
Forklift 98 T5;4 December Sunday;04.12.2022;00:00;04.12.2022;23:58
Forklift 98 T5;5 December Monday;05.12.2022;00:02;05.12.2022;23:59
Forklift 98 T5;6 December Tuesday;06.12.2022;00:00;06.12.2022;23:59
Forklift 98 T5;7 December Wednesday;07.12.2022;00:00;07.12.2022;23:59
Forklift 98 T5;8 December Thursday;08.12.2022;00:00;08.12.2022;23:59
Forklift 98 T5;9 December Friday;09.12.2022;00:00;09.12.2022;23:53
Forklift 98 T5;10 December Saturday;10.12.2022;00:02;10.12.2022;23:43
Forklift 98 T5;11 December Sunday;11.12.2022;00:05;11.12.2022;23:59
Forklift 98 T5;12 December Monday;12.12.2022;00:00;12.12.2022;23:20
Forklift 98 T5;13 December Tuesday;13.12.2022;03:12;13.12.2022;23:54
Forklift 98 T5;14 December Wednesday;14.12.2022;00:01;14.12.2022;23:44
Forklift 98 T5;15 December Thursday;15.12.2022;00:24;15.12.2022;23:58
Forklift 98 T5;16 December Friday;16.12.2022;00:02;16.12.2022;23:59
Forklift 98 T5;17 December Saturday;17.12.2022;00:00;17.12.2022;23:58
Forklift 98 T5;18 December Sunday;18.12.2022;00:00;18.12.2022;23:59
Forklift 98 T5;19 December Monday;19.12.2022;00:00;19.12.2022;09:07
Forklift 98 T5;22 December Thursday;22.12.2022;16:31;22.12.2022;23:59
Forklift 98 T5;23 December Friday;23.12.2022;00:00;23.12.2022;23:59
Forklift 98 T5;24 December Saturday;24.12.2022;00:00;24.12.2022;23:59
Forklift 98 T5;25 December Sunday;25.12.2022;00:00;25.12.2022;23:55
Forklift 98 T5;26 December Monday;26.12.2022;00:03;26.12.2022;23:59
Forklift 98 T5;27 December Tuesday;27.12.2022;00:00;27.12.2022;23:59
Forklift 98 T5;28 December Wednesday;28.12.2022;00:00;28.12.2022;23:59
Forklift 98 T5;29 December Thursday;29.12.2022;00:00;29.12.2022;16:06
Forklift 98 T5;30 December Friday;30.12.2022;10:21;30.12.2022;23:58
Forklift 98 T5;31 December Saturday;31.12.2022;00:00;31.12.2022;23:59
Forklift 107 T6;1 December Thursday;01.12.2022;00:00;01.12.2022;23:59
Forklift 107 T6;2 December Friday;02.12.2022;00:00;02.12.2022;23:59
Forklift 107 T6;3 December Saturday;03.12.2022;00:00;03.12.2022;23:59
Forklift 107 T6;4 December Sunday;04.12.2022;00:00;04.12.2022;23:59
Forklift 107 T6;5 December Monday;05.12.2022;00:00;05.12.2022;23:59
Forklift 107 T6;6 December Tuesday;06.12.2022;00:00;06.12.2022;23:55
Forklift 107 T6;7 December Wednesday;07.12.2022;00:02;07.12.2022;23:59
Forklift 107 T6;8 December Thursday;08.12.2022;00:00;08.12.2022;23:54
Forklift 107 T6;9 December Friday;09.12.2022;00:01;09.12.2022;23:59
Forklift 107 T6;10 December Saturday;10.12.2022;00:00;10.12.2022;23:54
Forklift 107 T6;11 December Sunday;11.12.2022;00:00;11.12.2022;23:59
Forklift 107 T6;12 December Monday;12.12.2022;00:00;12.12.2022;14:30
Forklift 107 T6;13 December Tuesday;13.12.2022;12:39;13.12.2022;23:56
Forklift 107 T6;14 December Wednesday;14.12.2022;00:07;14.12.2022;23:59
Forklift 107 T6;15 December Thursday;15.12.2022;00:00;15.12.2022;23:59
Forklift 107 T6;16 December Friday;16.12.2022;00:00;16.12.2022;16:12
Forklift 107 T6;19 December Monday;19.12.2022;09:35;19.12.2022;10:49
Forklift 107 T6;23 December Friday;23.12.2022;17:35;23.12.2022;17:37
Forklift 125 T4;16 December Friday;16.12.2022;10:59;16.12.2022;23:59
Forklift 125 T4;17 December Saturday;17.12.2022;00:00;17.12.2022;23:59
Forklift 125 T4;18 December Sunday;18.12.2022;00:00;18.12.2022;23:59
Forklift 125 T4;19 December Monday;19.12.2022;00:00;19.12.2022;10:59
Forklift 125 T4;22 December Thursday;22.12.2022;16:34;22.12.2022;23:59
Forklift 125 T4;23 December Friday;23.12.2022;00:00;23.12.2022;23:56
Forklift 125 T4;24 December Saturday;24.12.2022;00:17;24.12.2022;23:59
Forklift 125 T4;25 December Sunday;25.12.2022;00:00;25.12.2022;23:09
Forklift 125 T4;26 December Monday;26.12.2022;08:52;26.12.2022;23:59
Forklift 125 T4;27 December Tuesday;27.12.2022;00:00;27.12.2022;23:59
Forklift 125 T4;28 December Wednesday;28.12.2022;00:04;28.12.2022;23:59
Forklift 125 T4;29 December Thursday;29.12.2022;00:00;29.12.2022;23:46
Forklift 125 T4;30 December Friday;30.12.2022;00:15;30.12.2022;23:16
Forklift 125 T4;31 December Saturday;31.12.2022;00:08;31.12.2022;08:09
Forklift 185 T3;1 December Thursday;01.12.2022;00:00;01.12.2022;23:53
Forklift 185 T3;2 December Friday;02.12.2022;00:10;02.12.2022;23:59
Forklift 185 T3;3 December Saturday;03.12.2022;00:01;03.12.2022;23:52
Forklift 185 T3;4 December Sunday;04.12.2022;00:00;04.12.2022;23:53
Forklift 185 T3;5 December Monday;05.12.2022;00:12;05.12.2022;23:57
Forklift 185 T3;6 December Tuesday;06.12.2022;00:14;06.12.2022;23:59
Forklift 185 T3;7 December Wednesday;07.12.2022;00:00;07.12.2022;23:57
Forklift 185 T3;8 December Thursday;08.12.2022;00:01;08.12.2022;23:59
Forklift 185 T3;9 December Friday;09.12.2022;00:01;09.12.2022;23:58
Forklift 185 T3;10 December Saturday;10.12.2022;00:01;10.12.2022;23:59
Forklift 185 T3;11 December Sunday;11.12.2022;00:00;11.12.2022;23:55
Forklift 185 T3;12 December Monday;12.12.2022;00:12;12.12.2022;23:57
Forklift 185 T3;13 December Tuesday;13.12.2022;00:00;13.12.2022;23:58
Forklift 185 T3;14 December Wednesday;14.12.2022;00:03;14.12.2022;23:54
Forklift 185 T3;15 December Thursday;15.12.2022;00:14;15.12.2022;23:55
Forklift 185 T3;16 December Friday;16.12.2022;00:04;16.12.2022;23:58
Forklift 185 T3;17 December Saturday;17.12.2022;00:13;17.12.2022;23:58
Forklift 185 T3;18 December Sunday;18.12.2022;00:10;18.12.2022;23:53
Forklift 185 T3;19 December Monday;19.12.2022;00:15;19.12.2022;11:09
Forklift 185 T3;22 December Thursday;22.12.2022;16:32;22.12.2022;23:41
Forklift 185 T3;23 December Friday;23.12.2022;00:14;23.12.2022;23:58
Forklift 185 T3;24 December Saturday;24.12.2022;00:00;24.12.2022;23:57
Forklift 185 T3;25 December Sunday;25.12.2022;00:01;25.12.2022;23:59
Forklift 185 T3;26 December Monday;26.12.2022;00:00;26.12.2022;23:58
Forklift 185 T3;27 December Tuesday;27.12.2022;00:19;27.12.2022;23:59
Forklift 185 T3;28 December Wednesday;28.12.2022;00:00;28.12.2022;23:58
Forklift 185 T3;29 December Thursday;29.12.2022;00:00;29.12.2022;23:47
Forklift 185 T3;30 December Friday;30.12.2022;00:17;30.12.2022;23:53
Forklift 185 T3;31 December Saturday;31.12.2022;00:39;31.12.2022;22:28
Forklift 186 T1;1 December Thursday;01.12.2022;00:14;01.12.2022;23:48
Forklift 186 T1;2 December Friday;02.12.2022;00:04;02.12.2022;23:59
Forklift 186 T1;3 December Saturday;03.12.2022;00:00;03.12.2022;23:59
Forklift 186 T1;4 December Sunday;04.12.2022;00:01;04.12.2022;23:59
Forklift 186 T1;5 December Monday;05.12.2022;00:00;05.12.2022;23:59
Forklift 186 T1;6 December Tuesday;06.12.2022;00:00;06.12.2022;23:58
Forklift 186 T1;7 December Wednesday;07.12.2022;00:00;07.12.2022;23:59
Forklift 186 T1;8 December Thursday;08.12.2022;00:00;08.12.2022;23:59
Forklift 186 T1;9 December Friday;09.12.2022;00:00;09.12.2022;23:49
Forklift 186 T1;10 December Saturday;10.12.2022;00:16;10.12.2022;23:44
Forklift 186 T1;11 December Sunday;11.12.2022;00:17;11.12.2022;23:53
Forklift 186 T1;12 December Monday;12.12.2022;00:16;12.12.2022;23:59
Forklift 186 T1;13 December Tuesday;13.12.2022;00:00;13.12.2022;23:57
Forklift 186 T1;14 December Wednesday;14.12.2022;00:13;14.12.2022;23:59
Forklift 186 T1;15 December Thursday;15.12.2022;00:00;15.12.2022;23:58
Forklift 186 T1;16 December Friday;16.12.2022;00:04;16.12.2022;23:44
Forklift 186 T1;17 December Saturday;17.12.2022;00:02;17.12.2022;23:59
Forklift 186 T1;18 December Sunday;18.12.2022;00:03;18.12.2022;23:50
Forklift 186 T1;19 December Monday;19.12.2022;00:13;19.12.2022;11:10
Forklift 186 T1;22 December Thursday;22.12.2022;16:32;22.12.2022;23:43
Forklift 186 T1;23 December Friday;23.12.2022;00:15;23.12.2022;23:59
Forklift 186 T1;24 December Saturday;24.12.2022;00:02;24.12.2022;23:59
Forklift 186 T1;25 December Sunday;25.12.2022;00:00;25.12.2022;23:59
Forklift 186 T1;26 December Monday;26.12.2022;00:00;26.12.2022;23:59
Forklift 186 T1;27 December Tuesday;27.12.2022;00:00;27.12.2022;23:59
Forklift 186 T1;28 December Wednesday;28.12.2022;00:00;28.12.2022;23:59
Forklift 186 T1;29 December Thursday;29.12.2022;00:00;29.12.2022;16:06
Forklift 186 T1;30 December Friday;30.12.2022;07:09;30.12.2022;23:59
Forklift 186 T1;31 December Saturday;31.12.2022;00:00;31.12.2022;23:59
Forklift 28 T2;1 January Sunday;01.01.2023;06:23;01.01.2023;23:59
Forklift 28 T2;2 January Monday;02.01.2023;00:00;02.01.2023;23:58
Forklift 28 T2;3 January Tuesday;03.01.2023;00:00;03.01.2023;23:53
Forklift 28 T2;4 January Wednesday;04.01.2023;00:17;04.01.2023;23:59
Forklift 28 T2;5 January Thursday;05.01.2023;00:00;05.01.2023;23:59
Forklift 28 T2;6 January Friday;06.01.2023;00:00;06.01.2023;23:59
Forklift 28 T2;7 January Saturday;07.01.2023;00:02;07.01.2023;23:59
Forklift 28 T2;8 January Sunday;08.01.2023;00:00;08.01.2023;23:59
Forklift 28 T2;9 January Monday;09.01.2023;00:00;09.01.2023;23:59
Forklift 28 T2;10 January Tuesday;10.01.2023;00:00;10.01.2023;23:59
Forklift 28 T2;11 January Wednesday;11.01.2023;00:00;11.01.2023;23:59
Forklift 28 T2;12 January Thursday;12.01.2023;00:00;12.01.2023;23:59
Forklift 28 T2;13 January Friday;13.01.2023;00:00;13.01.2023;23:48
Forklift 28 T2;14 January Saturday;14.01.2023;00:00;14.01.2023;23:59
Forklift 28 T2;15 January Sunday;15.01.2023;00:00;15.01.2023;23:59
Forklift 28 T2;16 January Monday;16.01.2023;00:00;16.01.2023;23:59
Forklift 28 T2;17 January Tuesday;17.01.2023;00:00;17.01.2023;23:58
Forklift 28 T2;18 January Wednesday;18.01.2023;00:00;18.01.2023;23:59
Forklift 28 T2;19 January Thursday;19.01.2023;00:00;19.01.2023;23:59
Forklift 28 T2;20 January Friday;20.01.2023;00:00;20.01.2023;23:59
Forklift 28 T2;21 January Saturday;21.01.2023;00:00;21.01.2023;23:59
Forklift 28 T2;22 January Sunday;22.01.2023;00:00;22.01.2023;23:59
Forklift 28 T2;23 January Monday;23.01.2023;00:00;23.01.2023;23:59
Forklift 28 T2;24 January Tuesday;24.01.2023;00:00;24.01.2023;23:59
Forklift 28 T2;25 January Wednesday;25.01.2023;00:00;25.01.2023;23:59
Forklift 28 T2;26 January Thursday;26.01.2023;00:00;26.01.2023;23:56
Forklift 28 T2;27 January Friday;27.01.2023;00:02;27.01.2023;23:57
Forklift 28 T2;28 January Saturday;28.01.2023;00:01;28.01.2023;23:59
Forklift 28 T2;29 January Sunday;29.01.2023;00:01;29.01.2023;23:54
Forklift 28 T2;30 January Monday;30.01.2023;00:00;30.01.2023;23:59
Forklift 28 T2;31 January Tuesday;31.01.2023;00:00;31.01.2023;23:59
Forklift 98 T5;1 January Sunday;01.01.2023;00:00;01.01.2023;23:59
Forklift 98 T5;2 January Monday;02.01.2023;00:00;02.01.2023;23:59
Forklift 98 T5;3 January Tuesday;03.01.2023;00:00;03.01.2023;23:59
Forklift 98 T5;4 January Wednesday;04.01.2023;00:00;04.01.2023;23:59
Forklift 98 T5;5 January Thursday;05.01.2023;00:00;05.01.2023;23:59
Forklift 98 T5;6 January Friday;06.01.2023;00:00;06.01.2023;23:59
Forklift 98 T5;7 January Saturday;07.01.2023;00:00;07.01.2023;23:59
Forklift 98 T5;8 January Sunday;08.01.2023;00:00;08.01.2023;23:59
Forklift 98 T5;9 January Monday;09.01.2023;00:00;09.01.2023;21:44
Forklift 98 T5;10 January Tuesday;10.01.2023;03:15;10.01.2023;23:59
Forklift 98 T5;11 January Wednesday;11.01.2023;00:00;11.01.2023;23:59
Forklift 98 T5;12 January Thursday;12.01.2023;00:00;12.01.2023;20:59
Forklift 98 T5;13 January Friday;13.01.2023;10:19;13.01.2023;23:59
Forklift 98 T5;14 January Saturday;14.01.2023;00:00;14.01.2023;23:59
Forklift 98 T5;15 January Sunday;15.01.2023;00:00;15.01.2023;23:59
Forklift 98 T5;16 January Monday;16.01.2023;00:00;16.01.2023;23:59
Forklift 98 T5;17 January Tuesday;17.01.2023;00:00;17.01.2023;23:58
Forklift 98 T5;18 January Wednesday;18.01.2023;00:01;18.01.2023;23:59
Forklift 98 T5;19 January Thursday;19.01.2023;00:00;19.01.2023;23:59
Forklift 98 T5;20 January Friday;20.01.2023;00:00;20.01.2023;23:58
Forklift 98 T5;21 January Saturday;21.01.2023;00:05;21.01.2023;23:59
Forklift 98 T5;22 January Sunday;22.01.2023;00:00;22.01.2023;23:59
Forklift 98 T5;23 January Monday;23.01.2023;00:00;23.01.2023;23:59
Forklift 98 T5;24 January Tuesday;24.01.2023;00:00;24.01.2023;23:59
Forklift 98 T5;25 January Wednesday;25.01.2023;00:00;25.01.2023;23:59
Forklift 98 T5;26 January Thursday;26.01.2023;00:00;26.01.2023;23:59
Forklift 98 T5;27 January Friday;27.01.2023;00:00;27.01.2023;23:59
Forklift 98 T5;28 January Saturday;28.01.2023;00:03;28.01.2023;23:59
Forklift 98 T5;29 January Sunday;29.01.2023;00:00;29.01.2023;23:59
Forklift 98 T5;30 January Monday;30.01.2023;00:00;30.01.2023;23:59
Forklift 98 T5;31 January Tuesday;31.01.2023;00:00;31.01.2023;23:56
Forklift 107 T6;11 January Wednesday;11.01.2023;21:40;11.01.2023;23:58
Forklift 107 T6;12 January Thursday;12.01.2023;00:03;12.01.2023;23:59
Forklift 107 T6;13 January Friday;13.01.2023;00:00;13.01.2023;23:59
Forklift 107 T6;14 January Saturday;14.01.2023;00:00;14.01.2023;23:59
Forklift 107 T6;15 January Sunday;15.01.2023;00:00;15.01.2023;23:58
Forklift 107 T6;16 January Monday;16.01.2023;00:00;16.01.2023;23:59
Forklift 107 T6;17 January Tuesday;17.01.2023;00:00;17.01.2023;23:53
Forklift 107 T6;18 January Wednesday;18.01.2023;00:12;18.01.2023;23:59
Forklift 107 T6;19 January Thursday;19.01.2023;00:00;19.01.2023;23:52
Forklift 107 T6;20 January Friday;20.01.2023;00:03;20.01.2023;23:59
Forklift 107 T6;21 January Saturday;21.01.2023;00:00;21.01.2023;23:59
Forklift 107 T6;22 January Sunday;22.01.2023;00:00;22.01.2023;23:50
Forklift 107 T6;23 January Monday;23.01.2023;00:00;23.01.2023;20:03
Forklift 107 T6;24 January Tuesday;24.01.2023;14:24;24.01.2023;23:59
Forklift 107 T6;25 January Wednesday;25.01.2023;00:00;25.01.2023;23:58
Forklift 107 T6;26 January Thursday;26.01.2023;00:01;26.01.2023;23:59
Forklift 107 T6;27 January Friday;27.01.2023;00:00;27.01.2023;23:59
Forklift 107 T6;28 January Saturday;28.01.2023;00:00;28.01.2023;23:42
Forklift 107 T6;29 January Sunday;29.01.2023;00:15;29.01.2023;23:46
Forklift 107 T6;30 January Monday;30.01.2023;00:15;30.01.2023;23:43
Forklift 107 T6;31 January Tuesday;31.01.2023;00:15;31.01.2023;23:51
Forklift 125 T4;1 January Sunday;01.01.2023;09:25;01.01.2023;23:22
Forklift 125 T4;2 January Monday;02.01.2023;00:23;02.01.2023;23:53
Forklift 125 T4;3 January Tuesday;03.01.2023;00:05;03.01.2023;23:59
Forklift 125 T4;4 January Wednesday;04.01.2023;00:00;04.01.2023;23:59
Forklift 125 T4;5 January Thursday;05.01.2023;00:00;05.01.2023;23:59
Forklift 125 T4;6 January Friday;06.01.2023;00:00;06.01.2023;23:59
Forklift 125 T4;7 January Saturday;07.01.2023;00:00;07.01.2023;23:59
Forklift 125 T4;8 January Sunday;08.01.2023;00:00;08.01.2023;23:59
Forklift 125 T4;9 January Monday;09.01.2023;00:00;09.01.2023;23:59
Forklift 125 T4;10 January Tuesday;10.01.2023;00:00;10.01.2023;23:59
Forklift 125 T4;11 January Wednesday;11.01.2023;00:00;11.01.2023;23:59
Forklift 125 T4;12 January Thursday;12.01.2023;00:00;12.01.2023;23:59
Forklift 125 T4;13 January Friday;13.01.2023;00:00;13.01.2023;23:57
Forklift 125 T4;14 January Saturday;14.01.2023;00:48;14.01.2023;12:22
Forklift 125 T4;17 January Tuesday;17.01.2023;17:25;17.01.2023;17:25
Forklift 125 T4;23 January Monday;23.01.2023;17:50;23.01.2023;23:59
Forklift 125 T4;24 January Tuesday;24.01.2023;00:02;24.01.2023;09:51
Forklift 125 T4;25 January Wednesday;25.01.2023;12:28;25.01.2023;23:58
Forklift 125 T4;26 January Thursday;26.01.2023;00:01;26.01.2023;23:01
Forklift 125 T4;27 January Friday;27.01.2023;00:11;27.01.2023;23:59
Forklift 125 T4;28 January Saturday;28.01.2023;00:00;28.01.2023;23:59
Forklift 125 T4;29 January Sunday;29.01.2023;00:00;29.01.2023;23:51
Forklift 125 T4;30 January Monday;30.01.2023;00:16;30.01.2023;23:59
Forklift 125 T4;31 January Tuesday;31.01.2023;00:00;31.01.2023;23:48
Forklift 185 T3;1 January Sunday;01.01.2023;00:30;01.01.2023;23:59
Forklift 185 T3;2 January Monday;02.01.2023;00:00;02.01.2023;23:57
Forklift 185 T3;3 January Tuesday;03.01.2023;00:02;03.01.2023;23:58
Forklift 185 T3;4 January Wednesday;04.01.2023;00:03;04.01.2023;23:58
Forklift 185 T3;5 January Thursday;05.01.2023;00:11;05.01.2023;23:58
Forklift 185 T3;6 January Friday;06.01.2023;00:00;06.01.2023;23:59
Forklift 185 T3;7 January Saturday;07.01.2023;00:01;07.01.2023;23:59
Forklift 185 T3;8 January Sunday;08.01.2023;00:04;08.01.2023;23:59
Forklift 185 T3;9 January Monday;09.01.2023;00:00;09.01.2023;23:59
Forklift 185 T3;10 January Tuesday;10.01.2023;00:00;10.01.2023;23:55
Forklift 185 T3;11 January Wednesday;11.01.2023;00:07;11.01.2023;23:57
Forklift 185 T3;12 January Thursday;12.01.2023;00:10;12.01.2023;23:58
Forklift 185 T3;13 January Friday;13.01.2023;00:02;13.01.2023;23:58
Forklift 185 T3;14 January Saturday;14.01.2023;00:00;14.01.2023;23:59
Forklift 185 T3;15 January Sunday;15.01.2023;00:09;15.01.2023;23:59
Forklift 185 T3;16 January Monday;16.01.2023;00:00;16.01.2023;23:59
Forklift 185 T3;17 January Tuesday;17.01.2023;00:00;17.01.2023;23:52
Forklift 185 T3;18 January Wednesday;18.01.2023;00:00;18.01.2023;23:58
Forklift 185 T3;19 January Thursday;19.01.2023;00:00;19.01.2023;23:59
Forklift 185 T3;20 January Friday;20.01.2023;00:21;20.01.2023;23:59
Forklift 185 T3;21 January Saturday;21.01.2023;00:00;21.01.2023;23:58
Forklift 185 T3;22 January Sunday;22.01.2023;00:00;22.01.2023;23:59
Forklift 185 T3;23 January Monday;23.01.2023;00:02;23.01.2023;23:56
Forklift 185 T3;24 January Tuesday;24.01.2023;00:10;24.01.2023;23:57
Forklift 185 T3;25 January Wednesday;25.01.2023;00:05;25.01.2023;23:59
Forklift 185 T3;26 January Thursday;26.01.2023;00:01;26.01.2023;23:58
Forklift 185 T3;27 January Friday;27.01.2023;00:02;27.01.2023;23:55
Forklift 185 T3;28 January Saturday;28.01.2023;00:12;28.01.2023;23:56
Forklift 185 T3;29 January Sunday;29.01.2023;00:01;29.01.2023;23:53
Forklift 185 T3;30 January Monday;30.01.2023;00:11;30.01.2023;23:59
Forklift 185 T3;31 January Tuesday;31.01.2023;00:00;31.01.2023;23:58
Forklift 186 T1;1 January Sunday;01.01.2023;00:00;01.01.2023;23:59
Forklift 186 T1;2 January Monday;02.01.2023;00:02;02.01.2023;23:59
Forklift 186 T1;3 January Tuesday;03.01.2023;00:00;03.01.2023;23:59
Forklift 186 T1;4 January Wednesday;04.01.2023;00:00;04.01.2023;23:59
Forklift 186 T1;5 January Thursday;05.01.2023;00:00;05.01.2023;23:59
Forklift 186 T1;6 January Friday;06.01.2023;00:00;06.01.2023;23:59
Forklift 186 T1;7 January Saturday;07.01.2023;00:01;07.01.2023;23:59
Forklift 186 T1;8 January Sunday;08.01.2023;00:00;08.01.2023;23:59
Forklift 186 T1;9 January Monday;09.01.2023;00:00;09.01.2023;23:59
Forklift 186 T1;10 January Tuesday;10.01.2023;00:00;10.01.2023;23:59
Forklift 186 T1;11 January Wednesday;11.01.2023;00:00;11.01.2023;23:59
Forklift 186 T1;12 January Thursday;12.01.2023;00:00;12.01.2023;13:36
Forklift 186 T1;13 January Friday;13.01.2023;07:18;13.01.2023;23:59
Forklift 186 T1;14 January Saturday;14.01.2023;00:00;14.01.2023;23:59
Forklift 186 T1;15 January Sunday;15.01.2023;00:00;15.01.2023;23:59
Forklift 186 T1;16 January Monday;16.01.2023;00:00;16.01.2023;23:59
Forklift 186 T1;17 January Tuesday;17.01.2023;00:00;17.01.2023;23:53
Forklift 186 T1;18 January Wednesday;18.01.2023;00:03;18.01.2023;23:59
Forklift 186 T1;19 January Thursday;19.01.2023;00:00;19.01.2023;23:54
Forklift 186 T1;20 January Friday;20.01.2023;00:00;20.01.2023;23:59
Forklift 186 T1;21 January Saturday;21.01.2023;00:00;21.01.2023;23:54
Forklift 186 T1;22 January Sunday;22.01.2023;00:02;22.01.2023;23:59
Forklift 186 T1;23 January Monday;23.01.2023;00:00;23.01.2023;23:59
Forklift 186 T1;24 January Tuesday;24.01.2023;00:00;24.01.2023;23:57
Forklift 186 T1;25 January Wednesday;25.01.2023;00:04;25.01.2023;23:59
Forklift 186 T1;26 January Thursday;26.01.2023;00:00;26.01.2023;23:02
Forklift 186 T1;27 January Friday;27.01.2023;00:10;27.01.2023;23:59
Forklift 186 T1;28 January Saturday;28.01.2023;00:01;28.01.2023;23:54
Forklift 186 T1;29 January Sunday;29.01.2023;00:03;29.01.2023;23:59
Forklift 186 T1;30 January Monday;30.01.2023;00:00;30.01.2023;23:59
Forklift 186 T1;31 January Tuesday;31.01.2023;00:00;31.01.2023;23:59
Forklift 28 T2;1 February Wednesday;01.02.2023;00:00;01.02.2023;23:59
Forklift 28 T2;2 February Thursday;02.02.2023;00:00;02.02.2023;23:59
Forklift 28 T2;3 February Friday;03.02.2023;00:00;03.02.2023;23:59
Forklift 28 T2;4 February Saturday;04.02.2023;00:01;04.02.2023;23:59
Forklift 28 T2;5 February Sunday;05.02.2023;00:00;05.02.2023;23:59
Forklift 28 T2;6 February Monday;06.02.2023;00:00;06.02.2023;23:59
Forklift 28 T2;7 February Tuesday;07.02.2023;00:00;07.02.2023;23:59
Forklift 28 T2;8 February Wednesday;08.02.2023;00:04;08.02.2023;23:59
Forklift 28 T2;9 February Thursday;09.02.2023;00:00;09.02.2023;23:59
Forklift 28 T2;10 February Friday;10.02.2023;00:00;10.02.2023;23:58
Forklift 28 T2;11 February Saturday;11.02.2023;00:00;11.02.2023;23:58
Forklift 28 T2;12 February Sunday;12.02.2023;00:00;12.02.2023;23:59
Forklift 28 T2;13 February Monday;13.02.2023;00:00;13.02.2023;23:59
Forklift 28 T2;14 February Tuesday;14.02.2023;00:00;14.02.2023;23:45
Forklift 28 T2;15 February Wednesday;15.02.2023;00:22;15.02.2023;23:59
Forklift 28 T2;16 February Thursday;16.02.2023;00:00;16.02.2023;23:54
Forklift 28 T2;17 February Friday;17.02.2023;00:02;17.02.2023;23:59
Forklift 28 T2;18 February Saturday;18.02.2023;00:00;18.02.2023;23:59
Forklift 28 T2;19 February Sunday;19.02.2023;00:00;19.02.2023;23:59
Forklift 28 T2;20 February Monday;20.02.2023;00:00;20.02.2023;23:58
Forklift 28 T2;21 February Tuesday;21.02.2023;00:00;21.02.2023;23:59
Forklift 28 T2;22 February Wednesday;22.02.2023;00:00;22.02.2023;23:53
Forklift 28 T2;23 February Thursday;23.02.2023;00:14;23.02.2023;23:58
Forklift 28 T2;24 February Friday;24.02.2023;00:10;24.02.2023;23:59
Forklift 28 T2;25 February Saturday;25.02.2023;00:00;25.02.2023;23:56
Forklift 28 T2;26 February Sunday;26.02.2023;00:05;26.02.2023;23:59
Forklift 28 T2;27 February Monday;27.02.2023;00:00;27.02.2023;23:59
Forklift 28 T2;28 February Tuesday;28.02.2023;00:00;28.02.2023;23:51
Forklift 98 T5;1 February Wednesday;01.02.2023;00:21;01.02.2023;23:59
Forklift 98 T5;2 February Thursday;02.02.2023;00:00;02.02.2023;23:59
Forklift 98 T5;3 February Friday;03.02.2023;00:00;03.02.2023;23:59
Forklift 98 T5;4 February Saturday;04.02.2023;00:00;04.02.2023;23:59
Forklift 98 T5;5 February Sunday;05.02.2023;00:00;05.02.2023;23:59
Forklift 98 T5;6 February Monday;06.02.2023;00:00;06.02.2023;23:59
Forklift 98 T5;7 February Tuesday;07.02.2023;00:00;07.02.2023;23:59
Forklift 98 T5;8 February Wednesday;08.02.2023;00:00;08.02.2023;23:59
Forklift 98 T5;9 February Thursday;09.02.2023;00:00;09.02.2023;23:59
Forklift 98 T5;10 February Friday;10.02.2023;00:00;10.02.2023;23:59
Forklift 98 T5;11 February Saturday;11.02.2023;00:00;11.02.2023;23:59
Forklift 98 T5;12 February Sunday;12.02.2023;00:00;12.02.2023;23:59
Forklift 98 T5;13 February Monday;13.02.2023;00:00;13.02.2023;23:59
Forklift 98 T5;14 February Tuesday;14.02.2023;00:00;14.02.2023;23:59
Forklift 98 T5;15 February Wednesday;15.02.2023;00:00;15.02.2023;23:59
Forklift 98 T5;16 February Thursday;16.02.2023;00:00;16.02.2023;23:59
Forklift 98 T5;17 February Friday;17.02.2023;00:00;17.02.2023;23:59
Forklift 98 T5;18 February Saturday;18.02.2023;00:00;18.02.2023;23:59
Forklift 98 T5;19 February Sunday;19.02.2023;00:00;19.02.2023;23:59
Forklift 98 T5;20 February Monday;20.02.2023;00:00;20.02.2023;23:59
Forklift 98 T5;21 February Tuesday;21.02.2023;00:00;21.02.2023;23:59
Forklift 98 T5;22 February Wednesday;22.02.2023;00:00;22.02.2023;23:59
Forklift 98 T5;23 February Thursday;23.02.2023;00:00;23.02.2023;23:59
Forklift 98 T5;24 February Friday;24.02.2023;00:00;24.02.2023;23:59
Forklift 98 T5;25 February Saturday;25.02.2023;00:00;25.02.2023;23:59
Forklift 98 T5;26 February Sunday;26.02.2023;00:00;26.02.2023;23:59
Forklift 98 T5;27 February Monday;27.02.2023;00:00;27.02.2023;23:59
Forklift 98 T5;28 February Tuesday;28.02.2023;00:00;28.02.2023;23:59
Forklift 107 T6;1 February Wednesday;01.02.2023;00:17;01.02.2023;23:47
Forklift 107 T6;2 February Thursday;02.02.2023;00:16;02.02.2023;23:59
Forklift 107 T6;3 February Friday;03.02.2023;00:00;03.02.2023;23:59
Forklift 107 T6;4 February Saturday;04.02.2023;00:00;04.02.2023;23:59
Forklift 107 T6;5 February Sunday;05.02.2023;00:00;05.02.2023;23:59
Forklift 107 T6;6 February Monday;06.02.2023;00:00;06.02.2023;23:59
Forklift 107 T6;7 February Tuesday;07.02.2023;00:00;07.02.2023;23:59
Forklift 107 T6;8 February Wednesday;08.02.2023;00:00;08.02.2023;23:59
Forklift 107 T6;9 February Thursday;09.02.2023;00:00;09.02.2023;23:59
Forklift 107 T6;10 February Friday;10.02.2023;00:00;10.02.2023;23:59
Forklift 107 T6;11 February Saturday;11.02.2023;00:00;11.02.2023;23:59
Forklift 107 T6;12 February Sunday;12.02.2023;00:00;12.02.2023;23:59
Forklift 107 T6;13 February Monday;13.02.2023;00:00;13.02.2023;23:53
Forklift 107 T6;14 February Tuesday;14.02.2023;00:01;14.02.2023;23:56
Forklift 107 T6;15 February Wednesday;15.02.2023;00:04;15.02.2023;23:57
Forklift 107 T6;16 February Thursday;16.02.2023;00:03;16.02.2023;23:59
Forklift 107 T6;17 February Friday;17.02.2023;00:00;17.02.2023;23:59
Forklift 107 T6;18 February Saturday;18.02.2023;00:00;18.02.2023;23:54
Forklift 107 T6;19 February Sunday;19.02.2023;00:10;19.02.2023;23:58
Forklift 107 T6;20 February Monday;20.02.2023;00:02;20.02.2023;23:59
Forklift 107 T6;21 February Tuesday;21.02.2023;00:00;21.02.2023;23:59
Forklift 107 T6;22 February Wednesday;22.02.2023;00:00;22.02.2023;23:59
Forklift 107 T6;23 February Thursday;23.02.2023;00:00;23.02.2023;23:59
Forklift 107 T6;24 February Friday;24.02.2023;00:00;24.02.2023;23:57
Forklift 107 T6;25 February Saturday;25.02.2023;00:01;25.02.2023;23:59
Forklift 107 T6;26 February Sunday;26.02.2023;00:00;26.02.2023;23:54
Forklift 107 T6;27 February Monday;27.02.2023;00:01;27.02.2023;23:59
Forklift 107 T6;28 February Tuesday;28.02.2023;00:00;28.02.2023;23:59
Forklift 125 T4;1 February Wednesday;01.02.2023;00:03;01.02.2023;23:55
Forklift 125 T4;2 February Thursday;02.02.2023;00:01;02.02.2023;23:23
Forklift 125 T4;3 February Friday;03.02.2023;00:00;03.02.2023;23:59
Forklift 125 T4;4 February Saturday;04.02.2023;00:00;04.02.2023;23:58
Forklift 125 T4;5 February Sunday;05.02.2023;00:01;05.02.2023;15:42
Forklift 125 T4;7 February Tuesday;07.02.2023;09:51;07.02.2023;20:14
Forklift 125 T4;9 February Thursday;09.02.2023;11:03;09.02.2023;23:58
Forklift 125 T4;10 February Friday;10.02.2023;00:03;10.02.2023;23:58
Forklift 125 T4;11 February Saturday;11.02.2023;00:02;11.02.2023;23:58
Forklift 125 T4;12 February Sunday;12.02.2023;00:00;12.02.2023;08:47
Forklift 125 T4;14 February Tuesday;14.02.2023;14:04;14.02.2023;14:44
Forklift 125 T4;15 February Wednesday;15.02.2023;08:15;15.02.2023;23:59
Forklift 125 T4;16 February Thursday;16.02.2023;00:00;16.02.2023;23:58
Forklift 125 T4;17 February Friday;17.02.2023;00:00;17.02.2023;23:59
Forklift 125 T4;18 February Saturday;18.02.2023;00:00;18.02.2023;16:00
Forklift 125 T4;20 February Monday;20.02.2023;08:31;20.02.2023;16:49
Forklift 125 T4;21 February Tuesday;21.02.2023;09:59;21.02.2023;23:27
Forklift 125 T4;22 February Wednesday;22.02.2023;08:47;22.02.2023;23:59
Forklift 125 T4;23 February Thursday;23.02.2023;00:04;23.02.2023;23:59
Forklift 125 T4;24 February Friday;24.02.2023;00:00;24.02.2023;23:59
Forklift 125 T4;25 February Saturday;25.02.2023;00:00;25.02.2023;18:40
Forklift 125 T4;26 February Sunday;26.02.2023;00:26;26.02.2023;23:59
Forklift 125 T4;27 February Monday;27.02.2023;00:00;27.02.2023;23:59
Forklift 125 T4;28 February Tuesday;28.02.2023;00:00;28.02.2023;23:41
Forklift 185 T3;1 February Wednesday;01.02.2023;00:00;01.02.2023;23:59
Forklift 185 T3;2 February Thursday;02.02.2023;00:00;02.02.2023;23:58
Forklift 185 T3;3 February Friday;03.02.2023;00:00;03.02.2023;23:59
Forklift 185 T3;4 February Saturday;04.02.2023;00:00;04.02.2023;23:59
Forklift 185 T3;5 February Sunday;05.02.2023;00:00;05.02.2023;23:58
Forklift 185 T3;6 February Monday;06.02.2023;00:00;06.02.2023;23:59
Forklift 185 T3;7 February Tuesday;07.02.2023;00:00;07.02.2023;23:52
Forklift 185 T3;8 February Wednesday;08.02.2023;00:09;08.02.2023;23:59
Forklift 185 T3;9 February Thursday;09.02.2023;00:00;09.02.2023;23:58
Forklift 185 T3;10 February Friday;10.02.2023;00:00;10.02.2023;23:59
Forklift 185 T3;11 February Saturday;11.02.2023;00:00;11.02.2023;23:56
Forklift 185 T3;12 February Sunday;12.02.2023;00:06;12.02.2023;23:59
Forklift 185 T3;13 February Monday;13.02.2023;00:00;13.02.2023;23:53
Forklift 185 T3;14 February Tuesday;14.02.2023;00:00;14.02.2023;23:59
Forklift 185 T3;15 February Wednesday;15.02.2023;00:01;15.02.2023;23:55
Forklift 185 T3;16 February Thursday;16.02.2023;00:00;16.02.2023;23:57
Forklift 185 T3;17 February Friday;17.02.2023;00:01;17.02.2023;23:46
Forklift 185 T3;18 February Saturday;18.02.2023;00:15;18.02.2023;23:59
Forklift 185 T3;19 February Sunday;19.02.2023;00:01;19.02.2023;23:59
Forklift 185 T3;20 February Monday;20.02.2023;00:00;20.02.2023;23:59
Forklift 185 T3;21 February Tuesday;21.02.2023;00:00;21.02.2023;23:53
Forklift 185 T3;22 February Wednesday;22.02.2023;00:18;22.02.2023;23:52
Forklift 185 T3;23 February Thursday;23.02.2023;00:14;23.02.2023;23:52
Forklift 185 T3;24 February Friday;24.02.2023;00:01;24.02.2023;23:54
Forklift 185 T3;25 February Saturday;25.02.2023;00:00;25.02.2023;23:58
Forklift 185 T3;26 February Sunday;26.02.2023;00:05;26.02.2023;23:56
Forklift 185 T3;27 February Monday;27.02.2023;00:05;27.02.2023;23:59
Forklift 185 T3;28 February Tuesday;28.02.2023;00:00;28.02.2023;23:59
Forklift 186 T1;1 February Wednesday;01.02.2023;00:00;01.02.2023;15:14
Forklift 186 T1;2 February Thursday;02.02.2023;04:12;02.02.2023;23:54
Forklift 186 T1;3 February Friday;03.02.2023;00:15;03.02.2023;23:59
Forklift 186 T1;4 February Saturday;04.02.2023;00:00;04.02.2023;23:59
Forklift 186 T1;5 February Sunday;05.02.2023;00:00;05.02.2023;23:59
Forklift 186 T1;6 February Monday;06.02.2023;00:00;06.02.2023;23:59
Forklift 186 T1;7 February Tuesday;07.02.2023;00:00;07.02.2023;23:59
Forklift 186 T1;8 February Wednesday;08.02.2023;00:00;08.02.2023;23:59
Forklift 186 T1;9 February Thursday;09.02.2023;00:00;09.02.2023;23:59
Forklift 186 T1;10 February Friday;10.02.2023;00:00;10.02.2023;23:59
Forklift 186 T1;11 February Saturday;11.02.2023;00:00;11.02.2023;23:59
Forklift 186 T1;12 February Sunday;12.02.2023;00:00;12.02.2023;23:59
Forklift 186 T1;13 February Monday;13.02.2023;00:01;13.02.2023;23:59
Forklift 186 T1;14 February Tuesday;14.02.2023;00:00;14.02.2023;23:59
Forklift 186 T1;15 February Wednesday;15.02.2023;00:00;15.02.2023;23:59
Forklift 186 T1;16 February Thursday;16.02.2023;00:00;16.02.2023;23:59
Forklift 186 T1;17 February Friday;17.02.2023;00:00;17.02.2023;23:59
Forklift 186 T1;18 February Saturday;18.02.2023;00:00;18.02.2023;23:51
Forklift 186 T1;19 February Sunday;19.02.2023;00:12;19.02.2023;23:58
Forklift 186 T1;20 February Monday;20.02.2023;00:02;20.02.2023;23:49
Forklift 186 T1;21 February Tuesday;21.02.2023;00:10;21.02.2023;23:53
Forklift 186 T1;22 February Wednesday;22.02.2023;00:15;22.02.2023;23:58
Forklift 186 T1;23 February Thursday;23.02.2023;00:00;23.02.2023;23:59
Forklift 186 T1;24 February Friday;24.02.2023;00:00;24.02.2023;23:59
Forklift 186 T1;25 February Saturday;25.02.2023;00:00;25.02.2023;23:59
Forklift 186 T1;26 February Sunday;26.02.2023;00:00;26.02.2023;23:49
Forklift 186 T1;27 February Monday;27.02.2023;00:14;27.02.2023;23:59
Forklift 186 T1;28 February Tuesday;28.02.2023;00:00;28.02.2023;23:59
Forklift 28 T2;1 March Wednesday;01.03.2023;00:03;01.03.2023;23:59
Forklift 28 T2;2 March Thursday;02.03.2023;00:00;02.03.2023;23:59
Forklift 28 T2;3 March Friday;03.03.2023;00:00;03.03.2023;23:52
Forklift 28 T2;4 March Saturday;04.03.2023;00:09;04.03.2023;23:59
Forklift 28 T2;5 March Sunday;05.03.2023;00:00;05.03.2023;23:59
Forklift 28 T2;6 March Monday;06.03.2023;00:00;06.03.2023;23:47
Forklift 28 T2;7 March Tuesday;07.03.2023;00:03;07.03.2023;23:58
Forklift 28 T2;8 March Wednesday;08.03.2023;00:14;08.03.2023;23:58
Forklift 28 T2;9 March Thursday;09.03.2023;00:02;09.03.2023;23:59
Forklift 28 T2;10 March Friday;10.03.2023;00:12;10.03.2023;23:59
Forklift 28 T2;11 March Saturday;11.03.2023;00:00;11.03.2023;09:23
Forklift 98 T5;1 March Wednesday;01.03.2023;00:00;01.03.2023;23:59
Forklift 98 T5;2 March Thursday;02.03.2023;00:00;02.03.2023;23:59
Forklift 98 T5;3 March Friday;03.03.2023;00:00;03.03.2023;23:58
Forklift 98 T5;4 March Saturday;04.03.2023;00:00;04.03.2023;23:59
Forklift 98 T5;5 March Sunday;05.03.2023;00:00;05.03.2023;23:48
Forklift 98 T5;6 March Monday;06.03.2023;00:20;06.03.2023;23:59
Forklift 98 T5;7 March Tuesday;07.03.2023;00:00;07.03.2023;23:59
Forklift 98 T5;8 March Wednesday;08.03.2023;00:00;08.03.2023;23:59
Forklift 98 T5;9 March Thursday;09.03.2023;00:00;09.03.2023;23:59
Forklift 98 T5;10 March Friday;10.03.2023;00:00;10.03.2023;23:53
Forklift 98 T5;11 March Saturday;11.03.2023;00:23;11.03.2023;09:26
Forklift 107 T6;1 March Wednesday;01.03.2023;00:00;01.03.2023;23:56
Forklift 107 T6;2 March Thursday;02.03.2023;00:01;02.03.2023;23:59
Forklift 107 T6;3 March Friday;03.03.2023;00:00;03.03.2023;23:59
Forklift 107 T6;4 March Saturday;04.03.2023;00:00;04.03.2023;23:59
Forklift 107 T6;5 March Sunday;05.03.2023;00:02;05.03.2023;23:57
Forklift 107 T6;6 March Monday;06.03.2023;00:10;06.03.2023;23:59
Forklift 107 T6;7 March Tuesday;07.03.2023;00:00;07.03.2023;23:55
Forklift 107 T6;8 March Wednesday;08.03.2023;00:00;08.03.2023;23:53
Forklift 107 T6;9 March Thursday;09.03.2023;00:04;09.03.2023;23:59
Forklift 107 T6;10 March Friday;10.03.2023;00:00;10.03.2023;23:55
Forklift 107 T6;11 March Saturday;11.03.2023;00:04;11.03.2023;09:12
Forklift 125 T4;1 March Wednesday;01.03.2023;00:39;01.03.2023;23:59
Forklift 125 T4;2 March Thursday;02.03.2023;00:00;02.03.2023;17:24
Forklift 125 T4;3 March Friday;03.03.2023;09:51;03.03.2023;14:56
Forklift 125 T4;4 March Saturday;04.03.2023;07:49;04.03.2023;09:32
Forklift 125 T4;6 March Monday;06.03.2023;20:41;06.03.2023;23:59
Forklift 125 T4;7 March Tuesday;07.03.2023;00:00;07.03.2023;07:18
Forklift 125 T4;10 March Friday;10.03.2023;07:45;10.03.2023;15:57
Forklift 125 T4;11 March Saturday;11.03.2023;07:25;11.03.2023;09:18
Forklift 185 T3;1 March Wednesday;01.03.2023;00:01;01.03.2023;23:59
Forklift 185 T3;2 March Thursday;02.03.2023;00:01;02.03.2023;23:52
Forklift 185 T3;3 March Friday;03.03.2023;00:05;03.03.2023;23:53
Forklift 185 T3;4 March Saturday;04.03.2023;00:09;04.03.2023;23:56
Forklift 185 T3;5 March Sunday;05.03.2023;00:04;05.03.2023;23:59
Forklift 185 T3;6 March Monday;06.03.2023;00:00;06.03.2023;23:48
Forklift 185 T3;7 March Tuesday;07.03.2023;00:04;07.03.2023;23:56
Forklift 185 T3;8 March Wednesday;08.03.2023;00:12;08.03.2023;23:23
Forklift 185 T3;9 March Thursday;09.03.2023;00:17;09.03.2023;23:54
Forklift 185 T3;10 March Friday;10.03.2023;00:08;10.03.2023;23:57
Forklift 185 T3;11 March Saturday;11.03.2023;00:00;11.03.2023;23:58
Forklift 185 T3;12 March Sunday;12.03.2023;00:03;12.03.2023;23:59
Forklift 185 T3;13 March Monday;13.03.2023;00:00;13.03.2023;23:59
Forklift 185 T3;14 March Tuesday;14.03.2023;00:00;14.03.2023;23:58
Forklift 185 T3;15 March Wednesday;15.03.2023;00:00;15.03.2023;23:54
Forklift 185 T3;16 March Thursday;16.03.2023;00:05;16.03.2023;23:57
Forklift 185 T3;17 March Friday;17.03.2023;00:02;17.03.2023;23:59
Forklift 185 T3;18 March Saturday;18.03.2023;00:00;18.03.2023;23:58
Forklift 185 T3;19 March Sunday;19.03.2023;00:07;19.03.2023;23:59
Forklift 185 T3;20 March Monday;20.03.2023;00:00;20.03.2023;23:52
Forklift 185 T3;21 March Tuesday;21.03.2023;00:02;21.03.2023;23:54
Forklift 185 T3;22 March Wednesday;22.03.2023;00:08;22.03.2023;16:06
Forklift 185 T3;23 March Thursday;23.03.2023;08:31;23.03.2023;15:55
Forklift 185 T3;24 March Friday;24.03.2023;13:49;24.03.2023;13:50
Forklift 185 T3;25 March Saturday;25.03.2023;08:43;25.03.2023;23:54
Forklift 185 T3;26 March Sunday;26.03.2023;00:07;26.03.2023;23:55
Forklift 185 T3;27 March Monday;27.03.2023;00:06;27.03.2023;23:55
Forklift 185 T3;28 March Tuesday;28.03.2023;00:09;28.03.2023;23:55
Forklift 185 T3;29 March Wednesday;29.03.2023;00:00;29.03.2023;23:58
Forklift 185 T3;30 March Thursday;30.03.2023;00:00;30.03.2023;23:28
Forklift 185 T3;31 March Friday;31.03.2023;00:10;31.03.2023;23:57
Forklift 186 T1;1 March Wednesday;01.03.2023;00:00;01.03.2023;23:59
Forklift 186 T1;2 March Thursday;02.03.2023;00:00;02.03.2023;23:59
Forklift 186 T1;3 March Friday;03.03.2023;00:00;03.03.2023;23:59
Forklift 186 T1;4 March Saturday;04.03.2023;00:00;04.03.2023;23:58
Forklift 186 T1;5 March Sunday;05.03.2023;00:00;05.03.2023;23:59
Forklift 186 T1;6 March Monday;06.03.2023;00:00;06.03.2023;23:49
Forklift 186 T1;7 March Tuesday;07.03.2023;00:11;07.03.2023;23:55
Forklift 186 T1;8 March Wednesday;08.03.2023;00:18;08.03.2023;23:47
Forklift 186 T1;9 March Thursday;09.03.2023;00:09;09.03.2023;23:59
Forklift 186 T1;10 March Friday;10.03.2023;00:00;10.03.2023;23:59
Forklift 186 T1;11 March Saturday;11.03.2023;00:00;11.03.2023;09:33
Forklift 185 T3;1 April Saturday;01.04.2023;00:00;01.04.2023;23:54
Forklift 185 T3;2 April Sunday;02.04.2023;00:12;02.04.2023;21:09
Forklift 185 T3;5 April Wednesday;05.04.2023;09:15;05.04.2023;23:09
Forklift 185 T3;6 April Thursday;06.04.2023;00:17;06.04.2023;23:55
Forklift 185 T3;7 April Friday;07.04.2023;00:04;07.04.2023;23:58
Forklift 185 T3;8 April Saturday;08.04.2023;00:01;08.04.2023;23:57
Forklift 185 T3;9 April Sunday;09.04.2023;00:11;09.04.2023;23:53
Forklift 185 T3;10 April Monday;10.04.2023;00:03;10.04.2023;23:59
Forklift 185 T3;11 April Tuesday;11.04.2023;00:00;11.04.2023;23:58
Forklift 185 T3;12 April Wednesday;12.04.2023;00:03;12.04.2023;23:55
Forklift 185 T3;13 April Thursday;13.04.2023;00:15;13.04.2023;23:58
Forklift 185 T3;14 April Friday;14.04.2023;00:17;14.04.2023;23:57
Forklift 185 T3;15 April Saturday;15.04.2023;00:01;15.04.2023;23:59
Forklift 185 T3;16 April Sunday;16.04.2023;00:04;16.04.2023;23:58
Forklift 185 T3;17 April Monday;17.04.2023;00:09;17.04.2023;23:56
Forklift 185 T3;18 April Tuesday;18.04.2023;00:00;18.04.2023;23:59
Forklift 185 T3;19 April Wednesday;19.04.2023;00:00;19.04.2023;23:55
Forklift 185 T3;20 April Thursday;20.04.2023;00:08;20.04.2023;09:57
Forklift 28 T2;23 May Tuesday;23.05.2023;14:12;23.05.2023;23:57
Forklift 28 T2;24 May Wednesday;24.05.2023;00:01;24.05.2023;23:59
Forklift 28 T2;25 May Thursday;25.05.2023;00:00;25.05.2023;23:59
Forklift 28 T2;26 May Friday;26.05.2023;00:00;26.05.2023;23:55
Forklift 28 T2;27 May Saturday;27.05.2023;00:01;27.05.2023;23:59
Forklift 28 T2;28 May Sunday;28.05.2023;00:00;28.05.2023;23:59
Forklift 28 T2;29 May Monday;29.05.2023;00:00;29.05.2023;23:59
Forklift 28 T2;30 May Tuesday;30.05.2023;00:00;30.05.2023;14:50
Forklift 28 T2;31 May Wednesday;31.05.2023;13:17;31.05.2023;23:59
Forklift 98 T5;16 May Tuesday;16.05.2023;15:56;16.05.2023;23:59
Forklift 98 T5;17 May Wednesday;17.05.2023;00:00;17.05.2023;23:58
Forklift 98 T5;18 May Thursday;18.05.2023;00:00;18.05.2023;23:59
Forklift 98 T5;19 May Friday;19.05.2023;00:00;19.05.2023;23:59
Forklift 98 T5;20 May Saturday;20.05.2023;00:00;20.05.2023;23:59
Forklift 98 T5;21 May Sunday;21.05.2023;00:00;21.05.2023;23:59
Forklift 98 T5;22 May Monday;22.05.2023;00:00;22.05.2023;23:59
Forklift 98 T5;23 May Tuesday;23.05.2023;00:00;23.05.2023;23:59
Forklift 98 T5;24 May Wednesday;24.05.2023;00:00;24.05.2023;23:59
Forklift 98 T5;25 May Thursday;25.05.2023;00:01;25.05.2023;23:59
Forklift 98 T5;26 May Friday;26.05.2023;00:00;26.05.2023;23:59
Forklift 98 T5;27 May Saturday;27.05.2023;00:00;27.05.2023;23:59
Forklift 98 T5;28 May Sunday;28.05.2023;00:00;28.05.2023;23:59
Forklift 98 T5;29 May Monday;29.05.2023;00:00;29.05.2023;23:59
Forklift 98 T5;30 May Tuesday;30.05.2023;00:00;30.05.2023;14:52
Forklift 98 T5;31 May Wednesday;31.05.2023;13:17;31.05.2023;23:59
Forklift 125 T4;23 May Tuesday;23.05.2023;15:06;23.05.2023;23:58
Forklift 125 T4;24 May Wednesday;24.05.2023;00:00;24.05.2023;23:59
Forklift 125 T4;25 May Thursday;25.05.2023;00:00;25.05.2023;23:59
Forklift 125 T4;26 May Friday;26.05.2023;00:01;26.05.2023;23:50
Forklift 125 T4;27 May Saturday;27.05.2023;00:13;27.05.2023;23:51
Forklift 125 T4;28 May Sunday;28.05.2023;00:13;28.05.2023;23:59
Forklift 125 T4;29 May Monday;29.05.2023;00:00;29.05.2023;23:57
Forklift 125 T4;30 May Tuesday;30.05.2023;00:13;30.05.2023;14:51
Forklift 125 T4;31 May Wednesday;31.05.2023;13:17;31.05.2023;23:59
Forklift 185 T3;17 May Wednesday;17.05.2023;10:02;17.05.2023;23:20
Forklift 185 T3;18 May Thursday;18.05.2023;01:04;18.05.2023;23:57
Forklift 185 T3;19 May Friday;19.05.2023;00:00;19.05.2023;19:22
Forklift 185 T3;20 May Saturday;20.05.2023;04:09;20.05.2023;23:53
Forklift 185 T3;21 May Sunday;21.05.2023;00:02;21.05.2023;23:59
Forklift 185 T3;22 May Monday;22.05.2023;00:02;22.05.2023;23:59
Forklift 185 T3;23 May Tuesday;23.05.2023;00:00;23.05.2023;23:58
Forklift 185 T3;24 May Wednesday;24.05.2023;00:08;24.05.2023;23:59
Forklift 185 T3;25 May Thursday;25.05.2023;00:01;25.05.2023;23:59
Forklift 185 T3;26 May Friday;26.05.2023;00:01;26.05.2023;23:43
Forklift 185 T3;27 May Saturday;27.05.2023;00:00;27.05.2023;23:39
Forklift 185 T3;28 May Sunday;28.05.2023;01:34;28.05.2023;23:47
Forklift 185 T3;29 May Monday;29.05.2023;00:07;29.05.2023;23:52
Forklift 185 T3;30 May Tuesday;30.05.2023;00:16;30.05.2023;14:48
Forklift 185 T3;31 May Wednesday;31.05.2023;13:18;31.05.2023;23:33
Forklift 186 T1;16 May Tuesday;16.05.2023;15:54;16.05.2023;23:59
Forklift 186 T1;17 May Wednesday;17.05.2023;00:00;17.05.2023;23:59
Forklift 186 T1;18 May Thursday;18.05.2023;00:00;18.05.2023;23:59
Forklift 186 T1;19 May Friday;19.05.2023;00:00;19.05.2023;23:59
Forklift 186 T1;20 May Saturday;20.05.2023;00:00;20.05.2023;23:59
Forklift 186 T1;21 May Sunday;21.05.2023;00:00;21.05.2023;23:59
Forklift 186 T1;22 May Monday;22.05.2023;00:00;22.05.2023;23:59
Forklift 186 T1;23 May Tuesday;23.05.2023;00:00;23.05.2023;23:58
Forklift 186 T1;24 May Wednesday;24.05.2023;00:00;24.05.2023;23:59
Forklift 186 T1;25 May Thursday;25.05.2023;00:00;25.05.2023;23:59
Forklift 186 T1;26 May Friday;26.05.2023;00:00;26.05.2023;23:59
Forklift 186 T1;27 May Saturday;27.05.2023;00:00;27.05.2023;23:59
Forklift 186 T1;28 May Sunday;28.05.2023;00:00;28.05.2023;23:59
Forklift 186 T1;29 May Monday;29.05.2023;00:00;29.05.2023;23:59
Forklift 186 T1;30 May Tuesday;30.05.2023;00:00;30.05.2023;14:42
Forklift 186 T1;31 May Wednesday;31.05.2023;13:17;31.05.2023;23:59
Forklift 28 T2;1 June Thursday;01.06.2023;00:01;01.06.2023;23:59
Forklift 28 T2;2 June Friday;02.06.2023;00:00;02.06.2023;23:59
Forklift 28 T2;3 June Saturday;03.06.2023;00:00;03.06.2023;23:59
Forklift 28 T2;4 June Sunday;04.06.2023;00:00;04.06.2023;23:59
Forklift 28 T2;5 June Monday;05.06.2023;00:06;05.06.2023;23:59
Forklift 28 T2;6 June Tuesday;06.06.2023;00:00;06.06.2023;23:59
Forklift 28 T2;7 June Wednesday;07.06.2023;00:00;07.06.2023;23:59
Forklift 28 T2;8 June Thursday;08.06.2023;00:00;08.06.2023;23:59
Forklift 28 T2;9 June Friday;09.06.2023;00:00;09.06.2023;23:56
Forklift 28 T2;10 June Saturday;10.06.2023;00:01;10.06.2023;23:59
Forklift 28 T2;11 June Sunday;11.06.2023;00:00;11.06.2023;23:58
Forklift 28 T2;12 June Monday;12.06.2023;00:00;12.06.2023;23:57
Forklift 28 T2;13 June Tuesday;13.06.2023;00:06;13.06.2023;23:58
Forklift 28 T2;14 June Wednesday;14.06.2023;00:07;14.06.2023;23:55
Forklift 28 T2;15 June Thursday;15.06.2023;00:03;15.06.2023;23:59
Forklift 28 T2;16 June Friday;16.06.2023;00:00;16.06.2023;23:54
Forklift 28 T2;17 June Saturday;17.06.2023;00:01;17.06.2023;23:56
Forklift 28 T2;18 June Sunday;18.06.2023;00:07;18.06.2023;23:59
Forklift 28 T2;19 June Monday;19.06.2023;00:00;19.06.2023;23:59
Forklift 28 T2;20 June Tuesday;20.06.2023;00:00;20.06.2023;23:59
Forklift 28 T2;21 June Wednesday;21.06.2023;00:00;21.06.2023;23:59
Forklift 28 T2;22 June Thursday;22.06.2023;00:00;22.06.2023;23:59
Forklift 28 T2;23 June Friday;23.06.2023;00:00;23.06.2023;23:59
Forklift 28 T2;24 June Saturday;24.06.2023;00:00;24.06.2023;23:59
Forklift 28 T2;25 June Sunday;25.06.2023;00:01;25.06.2023;23:59
Forklift 28 T2;26 June Monday;26.06.2023;00:01;26.06.2023;16:45
Forklift 98 T5;1 June Thursday;01.06.2023;00:00;01.06.2023;23:59
Forklift 98 T5;2 June Friday;02.06.2023;00:01;02.06.2023;23:59
Forklift 98 T5;3 June Saturday;03.06.2023;00:00;03.06.2023;23:59
Forklift 98 T5;4 June Sunday;04.06.2023;00:00;04.06.2023;23:59
Forklift 98 T5;5 June Monday;05.06.2023;00:00;05.06.2023;23:59
Forklift 98 T5;6 June Tuesday;06.06.2023;00:00;06.06.2023;23:59
Forklift 98 T5;7 June Wednesday;07.06.2023;00:01;07.06.2023;23:59
Forklift 98 T5;8 June Thursday;08.06.2023;00:00;08.06.2023;23:59
Forklift 98 T5;9 June Friday;09.06.2023;00:00;09.06.2023;23:59
Forklift 98 T5;10 June Saturday;10.06.2023;00:00;10.06.2023;23:59
Forklift 98 T5;11 June Sunday;11.06.2023;00:00;11.06.2023;23:59
Forklift 98 T5;12 June Monday;12.06.2023;00:00;12.06.2023;23:48
Forklift 98 T5;13 June Tuesday;13.06.2023;00:04;13.06.2023;23:59
Forklift 98 T5;14 June Wednesday;14.06.2023;00:00;14.06.2023;23:59
Forklift 98 T5;15 June Thursday;15.06.2023;00:00;15.06.2023;22:00
Forklift 98 T5;16 June Friday;16.06.2023;15:25;16.06.2023;23:59
Forklift 98 T5;17 June Saturday;17.06.2023;00:00;17.06.2023;23:59
Forklift 98 T5;18 June Sunday;18.06.2023;00:00;18.06.2023;23:59
Forklift 98 T5;19 June Monday;19.06.2023;00:00;19.06.2023;23:59
Forklift 98 T5;20 June Tuesday;20.06.2023;00:00;20.06.2023;23:59
Forklift 98 T5;21 June Wednesday;21.06.2023;00:00;21.06.2023;23:59
Forklift 98 T5;22 June Thursday;22.06.2023;00:00;22.06.2023;23:50
Forklift 98 T5;23 June Friday;23.06.2023;01:37;23.06.2023;23:59
Forklift 98 T5;24 June Saturday;24.06.2023;00:00;24.06.2023;23:59
Forklift 98 T5;25 June Sunday;25.06.2023;00:00;25.06.2023;23:59
Forklift 98 T5;26 June Monday;26.06.2023;00:00;26.06.2023;23:55
Forklift 98 T5;30 June Friday;30.06.2023;00:38;30.06.2023;23:59
Forklift 125 T4;1 June Thursday;01.06.2023;00:00;01.06.2023;23:59
Forklift 125 T4;2 June Friday;02.06.2023;00:00;02.06.2023;23:54
Forklift 125 T4;3 June Saturday;03.06.2023;00:00;03.06.2023;23:59
Forklift 125 T4;4 June Sunday;04.06.2023;00:00;04.06.2023;23:59
Forklift 125 T4;5 June Monday;05.06.2023;00:00;05.06.2023;23:59
Forklift 125 T4;6 June Tuesday;06.06.2023;00:00;06.06.2023;23:59
Forklift 125 T4;7 June Wednesday;07.06.2023;00:00;07.06.2023;23:59
Forklift 125 T4;8 June Thursday;08.06.2023;00:00;08.06.2023;23:59
Forklift 125 T4;9 June Friday;09.06.2023;00:05;09.06.2023;23:59
Forklift 125 T4;10 June Saturday;10.06.2023;00:00;10.06.2023;23:59
Forklift 125 T4;11 June Sunday;11.06.2023;00:00;11.06.2023;23:59
Forklift 125 T4;12 June Monday;12.06.2023;00:00;12.06.2023;23:59
Forklift 125 T4;13 June Tuesday;13.06.2023;00:00;13.06.2023;23:59
Forklift 125 T4;14 June Wednesday;14.06.2023;00:00;14.06.2023;23:59
Forklift 125 T4;15 June Thursday;15.06.2023;00:00;15.06.2023;23:59
Forklift 125 T4;16 June Friday;16.06.2023;00:01;16.06.2023;23:58
Forklift 125 T4;17 June Saturday;17.06.2023;00:00;17.06.2023;23:55
Forklift 125 T4;18 June Sunday;18.06.2023;00:17;18.06.2023;23:57
Forklift 125 T4;19 June Monday;19.06.2023;00:02;19.06.2023;23:59
Forklift 125 T4;20 June Tuesday;20.06.2023;00:01;20.06.2023;23:59
Forklift 125 T4;21 June Wednesday;21.06.2023;00:00;21.06.2023;23:58
Forklift 125 T4;22 June Thursday;22.06.2023;00:08;22.06.2023;23:59
Forklift 125 T4;23 June Friday;23.06.2023;00:00;23.06.2023;23:59
Forklift 125 T4;24 June Saturday;24.06.2023;00:00;24.06.2023;23:59
Forklift 125 T4;25 June Sunday;25.06.2023;00:00;25.06.2023;23:58
Forklift 125 T4;26 June Monday;26.06.2023;00:02;26.06.2023;23:58
Forklift 125 T4;27 June Tuesday;27.06.2023;00:02;27.06.2023;00:19
Forklift 125 T4;30 June Friday;30.06.2023;00:23;30.06.2023;23:59
Forklift 185 T3;1 June Thursday;01.06.2023;02:08;01.06.2023;23:57
Forklift 185 T3;2 June Friday;02.06.2023;00:00;02.06.2023;23:59
Forklift 185 T3;3 June Saturday;03.06.2023;00:21;03.06.2023;22:01
Forklift 185 T3;4 June Sunday;04.06.2023;00:14;04.06.2023;23:59
Forklift 185 T3;5 June Monday;05.06.2023;00:00;05.06.2023;23:59
Forklift 185 T3;6 June Tuesday;06.06.2023;00:02;06.06.2023;23:58
Forklift 185 T3;7 June Wednesday;07.06.2023;00:04;07.06.2023;23:55
Forklift 185 T3;8 June Thursday;08.06.2023;00:20;08.06.2023;23:58
Forklift 185 T3;9 June Friday;09.06.2023;00:11;09.06.2023;23:57
Forklift 185 T3;10 June Saturday;10.06.2023;00:01;10.06.2023;23:56
Forklift 185 T3;11 June Sunday;11.06.2023;00:13;11.06.2023;23:56
Forklift 185 T3;12 June Monday;12.06.2023;00:03;12.06.2023;23:51
Forklift 185 T3;13 June Tuesday;13.06.2023;00:01;13.06.2023;23:59
Forklift 185 T3;14 June Wednesday;14.06.2023;00:00;14.06.2023;23:55
Forklift 185 T3;15 June Thursday;15.06.2023;00:04;15.06.2023;23:52
Forklift 185 T3;16 June Friday;16.06.2023;00:01;16.06.2023;23:55
Forklift 185 T3;17 June Saturday;17.06.2023;00:12;17.06.2023;23:49
Forklift 185 T3;18 June Sunday;18.06.2023;00:50;18.06.2023;23:59
Forklift 185 T3;19 June Monday;19.06.2023;00:00;19.06.2023;23:26
Forklift 185 T3;20 June Tuesday;20.06.2023;00:04;20.06.2023;23:58
Forklift 185 T3;21 June Wednesday;21.06.2023;00:00;21.06.2023;23:59
Forklift 185 T3;22 June Thursday;22.06.2023;00:00;22.06.2023;23:59
Forklift 185 T3;23 June Friday;23.06.2023;00:00;23.06.2023;23:57
Forklift 185 T3;24 June Saturday;24.06.2023;00:04;24.06.2023;23:58
Forklift 185 T3;25 June Sunday;25.06.2023;00:00;25.06.2023;23:56
Forklift 185 T3;26 June Monday;26.06.2023;00:00;26.06.2023;23:38
Forklift 185 T3;27 June Tuesday;27.06.2023;00:05;27.06.2023;00:20
Forklift 185 T3;30 June Friday;30.06.2023;23:53;30.06.2023;23:55
Forklift 186 T1;1 June Thursday;01.06.2023;00:00;01.06.2023;23:58
Forklift 186 T1;2 June Friday;02.06.2023;00:00;02.06.2023;23:59
Forklift 186 T1;3 June Saturday;03.06.2023;00:00;03.06.2023;23:59
Forklift 186 T1;4 June Sunday;04.06.2023;00:00;04.06.2023;23:54
Forklift 186 T1;5 June Monday;05.06.2023;00:16;05.06.2023;23:54
Forklift 186 T1;6 June Tuesday;06.06.2023;00:04;06.06.2023;23:58
Forklift 186 T1;7 June Wednesday;07.06.2023;00:05;07.06.2023;23:59
Forklift 186 T1;8 June Thursday;08.06.2023;00:00;08.06.2023;23:59
Forklift 186 T1;9 June Friday;09.06.2023;00:00;09.06.2023;23:59
Forklift 186 T1;10 June Saturday;10.06.2023;00:00;10.06.2023;23:56
Forklift 186 T1;11 June Sunday;11.06.2023;00:01;11.06.2023;23:59
Forklift 186 T1;12 June Monday;12.06.2023;00:00;12.06.2023;23:59
Forklift 186 T1;13 June Tuesday;13.06.2023;00:00;13.06.2023;23:59
Forklift 186 T1;14 June Wednesday;14.06.2023;00:00;14.06.2023;23:59
Forklift 186 T1;15 June Thursday;15.06.2023;00:00;15.06.2023;23:59
Forklift 186 T1;16 June Friday;16.06.2023;00:00;16.06.2023;23:59
Forklift 186 T1;17 June Saturday;17.06.2023;00:00;17.06.2023;23:59
Forklift 186 T1;18 June Sunday;18.06.2023;00:02;18.06.2023;23:59
Forklift 186 T1;19 June Monday;19.06.2023;00:00;19.06.2023;23:59
Forklift 186 T1;20 June Tuesday;20.06.2023;00:00;20.06.2023;23:59
Forklift 186 T1;21 June Wednesday;21.06.2023;00:00;21.06.2023;23:59
Forklift 186 T1;22 June Thursday;22.06.2023;00:00;22.06.2023;23:59
Forklift 186 T1;23 June Friday;23.06.2023;00:00;23.06.2023;09:06
Forklift 186 T1;26 June Monday;26.06.2023;12:16;26.06.2023;23:58
Forklift 186 T1;27 June Tuesday;27.06.2023;00:01;27.06.2023;00:17
Forklift 186 T1;30 June Friday;30.06.2023;00:23;30.06.2023;23:59
;2 July Sunday;02.07.2023;16:17;02.07.2023;16:17
Forklift 28 T2;3 July Monday;03.07.2023;08:00;03.07.2023;20:13
Forklift 28 T2;4 July Tuesday;04.07.2023;00:13;04.07.2023;23:58
Forklift 28 T2;5 July Wednesday;05.07.2023;00:01;05.07.2023;23:59
Forklift 28 T2;6 July Thursday;06.07.2023;00:01;06.07.2023;23:59
Forklift 28 T2;7 July Friday;07.07.2023;00:00;07.07.2023;23:59
Forklift 28 T2;8 July Saturday;08.07.2023;00:00;08.07.2023;23:56
Forklift 28 T2;9 July Sunday;09.07.2023;00:13;09.07.2023;23:54
Forklift 28 T2;10 July Monday;10.07.2023;00:01;10.07.2023;23:59
Forklift 28 T2;11 July Tuesday;11.07.2023;00:00;11.07.2023;23:59
Forklift 28 T2;12 July Wednesday;12.07.2023;00:00;12.07.2023;23:59
Forklift 28 T2;13 July Thursday;13.07.2023;00:00;13.07.2023;23:59
Forklift 28 T2;14 July Friday;14.07.2023;00:11;14.07.2023;23:59
Forklift 28 T2;15 July Saturday;15.07.2023;00:00;15.07.2023;23:59
Forklift 28 T2;16 July Sunday;16.07.2023;00:00;16.07.2023;08:11
Forklift 28 T2;17 July Monday;17.07.2023;17:09;17.07.2023;23:49
Forklift 28 T2;18 July Tuesday;18.07.2023;00:09;18.07.2023;23:59
Forklift 28 T2;19 July Wednesday;19.07.2023;00:00;19.07.2023;23:46
Forklift 28 T2;20 July Thursday;20.07.2023;00:15;20.07.2023;23:58
Forklift 28 T2;21 July Friday;21.07.2023;00:00;21.07.2023;23:56
Forklift 28 T2;22 July Saturday;22.07.2023;00:01;22.07.2023;23:38
Forklift 28 T2;23 July Sunday;23.07.2023;00:04;23.07.2023;23:44
Forklift 28 T2;24 July Monday;24.07.2023;00:04;24.07.2023;23:52
Forklift 28 T2;25 July Tuesday;25.07.2023;00:03;25.07.2023;23:44
Forklift 28 T2;26 July Wednesday;26.07.2023;00:08;26.07.2023;23:59
Forklift 28 T2;27 July Thursday;27.07.2023;00:00;27.07.2023;23:59
Forklift 28 T2;28 July Friday;28.07.2023;00:00;28.07.2023;23:52
Forklift 28 T2;29 July Saturday;29.07.2023;00:21;29.07.2023;21:04
Forklift 28 T2;1 July Saturday;01.07.2023;00:01;01.07.2023;23:59
Forklift 98 T5;2 July Sunday;02.07.2023;00:00;02.07.2023;23:59
Forklift 98 T5;3 July Monday;03.07.2023;00:00;03.07.2023;23:59
Forklift 98 T5;4 July Tuesday;04.07.2023;00:00;04.07.2023;23:59
Forklift 98 T5;5 July Wednesday;05.07.2023;00:00;05.07.2023;23:59
Forklift 98 T5;6 July Thursday;06.07.2023;00:00;06.07.2023;23:59
Forklift 98 T5;7 July Friday;07.07.2023;00:00;07.07.2023;23:59
Forklift 98 T5;8 July Saturday;08.07.2023;00:00;08.07.2023;23:59
Forklift 98 T5;9 July Sunday;09.07.2023;00:00;09.07.2023;23:59
Forklift 98 T5;10 July Monday;10.07.2023;00:00;10.07.2023;23:56
Forklift 98 T5;11 July Tuesday;11.07.2023;00:06;11.07.2023;23:57
Forklift 98 T5;12 July Wednesday;12.07.2023;00:02;12.07.2023;23:59
Forklift 98 T5;13 July Thursday;13.07.2023;00:00;13.07.2023;23:56
Forklift 98 T5;14 July Friday;14.07.2023;00:00;14.07.2023;23:56
Forklift 98 T5;15 July Saturday;15.07.2023;00:00;15.07.2023;23:59
Forklift 98 T5;16 July Sunday;16.07.2023;00:00;16.07.2023;23:58
Forklift 98 T5;17 July Monday;17.07.2023;00:00;17.07.2023;23:56
Forklift 98 T5;18 July Tuesday;18.07.2023;00:00;18.07.2023;23:59
Forklift 98 T5;19 July Wednesday;19.07.2023;00:00;19.07.2023;23:58
Forklift 98 T5;20 July Thursday;20.07.2023;00:00;20.07.2023;23:57
Forklift 98 T5;21 July Friday;21.07.2023;00:04;21.07.2023;23:47
Forklift 98 T5;22 July Saturday;22.07.2023;00:03;22.07.2023;23:58
Forklift 98 T5;23 July Sunday;23.07.2023;00:00;23.07.2023;23:58
Forklift 98 T5;24 July Monday;24.07.2023;00:01;24.07.2023;23:59
Forklift 98 T5;25 July Tuesday;25.07.2023;00:00;25.07.2023;23:59
Forklift 98 T5;26 July Wednesday;26.07.2023;00:05;26.07.2023;23:59
Forklift 98 T5;27 July Thursday;27.07.2023;00:01;27.07.2023;23:59
Forklift 98 T5;28 July Friday;28.07.2023;00:00;28.07.2023;23:59
Forklift 98 T5;29 July Saturday;29.07.2023;00:00;29.07.2023;23:59
Forklift 98 T5;30 July Sunday;30.07.2023;00:00;30.07.2023;23:59
Forklift 98 T5;31 July Monday;31.07.2023;00:00;31.07.2023;23:59
Forklift 98 T5;1 July Saturday;01.07.2023;00:00;01.07.2023;23:58
Forklift 125 T4;2 July Sunday;02.07.2023;00:00;02.07.2023;23:59
Forklift 125 T4;3 July Monday;03.07.2023;00:01;03.07.2023;23:59
Forklift 125 T4;4 July Tuesday;04.07.2023;00:00;04.07.2023;23:59
Forklift 125 T4;5 July Wednesday;05.07.2023;00:00;05.07.2023;23:57
Forklift 125 T4;6 July Thursday;06.07.2023;00:00;06.07.2023;23:59
Forklift 125 T4;7 July Friday;07.07.2023;00:00;07.07.2023;23:59
Forklift 125 T4;8 July Saturday;08.07.2023;00:00;08.07.2023;23:57
Forklift 125 T4;9 July Sunday;09.07.2023;00:00;09.07.2023;23:59
Forklift 125 T4;10 July Monday;10.07.2023;00:01;10.07.2023;23:59
Forklift 125 T4;11 July Tuesday;11.07.2023;00:00;11.07.2023;23:59
Forklift 125 T4;12 July Wednesday;12.07.2023;00:00;12.07.2023;23:59
Forklift 125 T4;13 July Thursday;13.07.2023;00:00;13.07.2023;23:59
Forklift 125 T4;14 July Friday;14.07.2023;00:03;14.07.2023;23:58
Forklift 125 T4;15 July Saturday;15.07.2023;00:00;15.07.2023;23:59
Forklift 125 T4;16 July Sunday;16.07.2023;00:00;16.07.2023;23:27
Forklift 125 T4;17 July Monday;17.07.2023;00:15;17.07.2023;23:59
Forklift 125 T4;18 July Tuesday;18.07.2023;00:00;18.07.2023;23:59
Forklift 125 T4;19 July Wednesday;19.07.2023;00:00;19.07.2023;23:59
Forklift 125 T4;20 July Thursday;20.07.2023;00:00;20.07.2023;23:58
Forklift 125 T4;21 July Friday;21.07.2023;00:06;21.07.2023;23:56
Forklift 125 T4;22 July Saturday;22.07.2023;00:01;22.07.2023;23:59
Forklift 125 T4;23 July Sunday;23.07.2023;00:00;23.07.2023;23:48
Forklift 125 T4;24 July Monday;24.07.2023;00:04;24.07.2023;23:59
Forklift 125 T4;25 July Tuesday;25.07.2023;00:03;25.07.2023;23:48
Forklift 125 T4;26 July Wednesday;26.07.2023;00:13;26.07.2023;23:48
Forklift 125 T4;27 July Thursday;27.07.2023;00:17;27.07.2023;23:54
Forklift 125 T4;28 July Friday;28.07.2023;00:20;28.07.2023;23:59
Forklift 125 T4;29 July Saturday;29.07.2023;00:00;29.07.2023;23:46
Forklift 125 T4;30 July Sunday;30.07.2023;00:21;30.07.2023;23:54
Forklift 125 T4;31 July Monday;31.07.2023;00:17;31.07.2023;23:53
Forklift 125 T4;1 July Saturday;01.07.2023;00:00;01.07.2023;23:57
Forklift 185 T3;2 July Sunday;02.07.2023;00:04;02.07.2023;23:59
Forklift 185 T3;3 July Monday;03.07.2023;00:01;03.07.2023;23:57
Forklift 185 T3;4 July Tuesday;04.07.2023;00:01;04.07.2023;23:58
Forklift 185 T3;5 July Wednesday;05.07.2023;00:00;05.07.2023;23:57
Forklift 185 T3;6 July Thursday;06.07.2023;00:17;06.07.2023;23:50
Forklift 185 T3;7 July Friday;07.07.2023;00:14;07.07.2023;23:51
Forklift 185 T3;8 July Saturday;08.07.2023;00:09;08.07.2023;23:53
Forklift 185 T3;9 July Sunday;09.07.2023;00:26;09.07.2023;23:59
Forklift 185 T3;10 July Monday;10.07.2023;00:01;10.07.2023;23:45
Forklift 185 T3;11 July Tuesday;11.07.2023;00:10;11.07.2023;23:51
Forklift 185 T3;12 July Wednesday;12.07.2023;00:04;12.07.2023;23:57
Forklift 185 T3;13 July Thursday;13.07.2023;00:00;13.07.2023;23:58
Forklift 185 T3;14 July Friday;14.07.2023;00:00;14.07.2023;23:58
Forklift 185 T3;15 July Saturday;15.07.2023;00:00;15.07.2023;23:59
Forklift 185 T3;16 July Sunday;16.07.2023;00:00;16.07.2023;23:59
Forklift 185 T3;17 July Monday;17.07.2023;00:00;17.07.2023;23:50
Forklift 185 T3;18 July Tuesday;18.07.2023;00:11;18.07.2023;23:59
Forklift 185 T3;19 July Wednesday;19.07.2023;00:00;19.07.2023;23:44
Forklift 185 T3;20 July Thursday;20.07.2023;00:05;20.07.2023;23:58
Forklift 185 T3;21 July Friday;21.07.2023;00:00;21.07.2023;23:59
Forklift 185 T3;22 July Saturday;22.07.2023;00:00;22.07.2023;23:59
Forklift 185 T3;23 July Sunday;23.07.2023;00:11;23.07.2023;23:45
Forklift 185 T3;24 July Monday;24.07.2023;00:21;24.07.2023;23:50
Forklift 185 T3;25 July Tuesday;25.07.2023;00:21;25.07.2023;23:59
Forklift 185 T3;26 July Wednesday;26.07.2023;00:09;26.07.2023;23:53
Forklift 185 T3;27 July Thursday;27.07.2023;00:13;27.07.2023;23:50
Forklift 185 T3;28 July Friday;28.07.2023;00:28;28.07.2023;23:59
Forklift 185 T3;29 July Saturday;29.07.2023;00:21;29.07.2023;23:59
Forklift 185 T3;30 July Sunday;30.07.2023;00:02;30.07.2023;23:58
Forklift 185 T3;31 July Monday;31.07.2023;00:00;31.07.2023;23:59
Forklift 185 T3;1 July Saturday;01.07.2023;00:00;01.07.2023;23:59
Forklift 186 T1;2 July Sunday;02.07.2023;00:00;02.07.2023;23:59
Forklift 186 T1;3 July Monday;03.07.2023;00:00;03.07.2023;23:59
Forklift 186 T1;4 July Tuesday;04.07.2023;00:00;04.07.2023;23:59
Forklift 186 T1;5 July Wednesday;05.07.2023;00:00;05.07.2023;23:59
Forklift 186 T1;6 July Thursday;06.07.2023;00:00;06.07.2023;23:59
Forklift 186 T1;7 July Friday;07.07.2023;00:00;07.07.2023;23:59
Forklift 186 T1;8 July Saturday;08.07.2023;00:00;08.07.2023;23:59
Forklift 186 T1;9 July Sunday;09.07.2023;00:00;09.07.2023;23:57
Forklift 186 T1;10 July Monday;10.07.2023;00:01;10.07.2023;23:59
Forklift 186 T1;11 July Tuesday;11.07.2023;00:00;11.07.2023;23:54
Forklift 186 T1;12 July Wednesday;12.07.2023;00:04;12.07.2023;23:59
Forklift 186 T1;13 July Thursday;13.07.2023;00:00;13.07.2023;23:59
Forklift 186 T1;14 July Friday;14.07.2023;00:00;14.07.2023;23:59
Forklift 186 T1;15 July Saturday;15.07.2023;00:00;15.07.2023;23:59
Forklift 186 T1;16 July Sunday;16.07.2023;00:00;16.07.2023;23:59
Forklift 186 T1;17 July Monday;17.07.2023;00:00;17.07.2023;23:59
Forklift 186 T1;18 July Tuesday;18.07.2023;00:00;18.07.2023;23:59
Forklift 186 T1;19 July Wednesday;19.07.2023;00:00;19.07.2023;23:59
Forklift 186 T1;20 July Thursday;20.07.2023;00:00;20.07.2023;23:59
Forklift 186 T1;21 July Friday;21.07.2023;00:00;21.07.2023;23:59
Forklift 186 T1;22 July Saturday;22.07.2023;00:00;22.07.2023;23:59
Forklift 186 T1;23 July Sunday;23.07.2023;00:00;23.07.2023;23:59
Forklift 186 T1;24 July Monday;24.07.2023;00:00;24.07.2023;23:59
Forklift 186 T1;25 July Tuesday;25.07.2023;00:00;25.07.2023;23:59
Forklift 186 T1;26 July Wednesday;26.07.2023;00:00;26.07.2023;23:59
Forklift 186 T1;27 July Thursday;27.07.2023;00:00;27.07.2023;23:59
Forklift 186 T1;28 July Friday;28.07.2023;00:00;28.07.2023;23:59
Forklift 186 T1;29 July Saturday;29.07.2023;00:00;29.07.2023;23:59
Forklift 186 T1;30 July Sunday;30.07.2023;00:00;30.07.2023;23:56
Forklift 186 T1;31 July Monday;31.07.2023;00:12;31.07.2023;23:59
